primaryTitle,authorName,contentType,status,tags,totalChapters,currentChapterNumber,currentChapterLabel,rating,priority,description,notes,rawImportedLine
+99 Wooden Stick,,Manga,On Hold,,,26,,,,,,
1-nen A-gumi no Monster,,Manga,Reading,,,40,,,,,,392. 1-nen A-gumi no Monster 40
108 Maidens of destiny,,Novel,Reading,,,521,,3,,,,
1x½,,Manga,Reading,,,26,13.3,,1,,,181. 1x½ 13.3 (26) ~? 🌟
7th Garden,,Manga,Reading,,,32,,,1,,,262. 7th Garden 32 ~? 🌟
99 Ways to Become Heroes by Beauty Masters,,Manga,Reading,tag123,,40,,,,,,
99Ways to Become Heroes by Beauty Masters,,Manga,Reading,,,40,,,,,,427. 99Ways to Become Heroes by Beauty Masters 40
A Bad Person,,Manga,Reading,,,45,,,,,,473. A Bad Person 45
A Cliché Multiverse Story,,Novel,Reading,,,144,,,,,,1.82. A Cliché Multiverse Story 144
A Fairytale for the Demon Lord,,Manga,Completed,,64,64,v2,6,,,chyba skonczone,
A Harem in the Fantasy World Dungeon,,Manga,Reading,,,22,21,,1,,release_frequency=~20,139.A Harem in the Fantasy World Dungeon 21 (22) ~20 🌟
A Pervert's Daily Life,,Manhwa,Completed,h-manhwa,57,57,,9,,,no ntr,1.1.7 A Pervert's Daily Life 57 ✓ 💯 💯 (no ntr)
A Returner's Magic Should Be Special,,Manga,Reading,,,69,,,1,,,189.A Returner's Magic Should Be Special 69 ~? 🌟
A Slave Who Wants To Do Perverted Things With Her Master,,Manga,Reading,,,8,,,,,,84.A Slave Who Wants To Do Perverted Things With Her Master 8 ~?
A Stay-at-home Dad’s Restaurant In An Alternate World,,Novel,Reading,,,885,,,,,,1.108. A Stay-at-home Dad’s Restaurant In An Alternate World 885
A Story About Treating a Female Knight Who Has Never Been Treated as a Woman as a Woman,,Manga,Reading,,,64,62,,,,release_frequency=~8,106.A Story About Treating a Female Knight Who Has Never Been Treated as a Woman as a Woman 62 (64) ~8
A Wonderful New World,,Manhwa,Reading,h-manhwa,,82,,,,,,1.1.17 A Wonderful New World 82
Absolute Resonance,,Novel,Reading,,,672,,,,,,1.104. Absolute Resonance 672
Abyss Rage,,Manga,Reading,,,47,43,,,,,68.Abyss Rage 43 (47)
Academy's Second Seat,,Novel,Reading,,,61,,,,,,1.140. Academy's Second Seat 61
Academy’s Genius Swordmaster,,Novel,Reading,,,166,,,,,,1.162. Academy’s Genius Swordmaster 166
Adonis Next Door,,Manga,Completed,,,95,,,,,,250.Adonis Next Door 95 ✓
Adopting Disaster,,Novel,Reading,,,180,ch69p2,,,,,1.143. Adopting Disaster ch69p2 (180)
"After Being Reborn, I Became the Strongest to Save Everyone",,Manga,Reading,,38,30,,,1,,,"358. After Being Reborn, I Became the Strongest to Save Everyone 30 (38) ⭐"
"After Hearing the Villain’s Inner Thoughts, the Female Lead’s Character Crumbled",,Novel,Completed,,,439,,,,,zapomniał ending dać,"1.208. After Hearing the Villain’s Inner Thoughts, the Female Lead’s Character Crumbled 439 ✓ ( zapomniał ending dać)"
"After Marrying a Vegetative Princess, I Went Crazy With Joy!",,Novel,Reading,,,145,,,,,,"1.175. After Marrying a Vegetative Princess, I Went Crazy With Joy! 145"
"After Transformation, Mine and Her Wild",,Manga,Reading,,,52,,,,,release_frequency=~9,"168.After Transformation, Mine and Her Wild 52 ~9"
"After Transmigrating Into the Erotic Manga, I’m Determined to Stay Away from the Heroine",,Novel,Reading,,,94,,9,1,,,"1.207. After Transmigrating Into the Erotic Manga, I’m Determined to Stay Away from the Heroine 94 💯 ⭐💯"
Against the gods,,Novel,Reading,,,1475,,,,,,1.2.Against the gods 1475
Aharen-san wa Hakarenai,,Manga,Reading,,,66,59,,,,,49.Aharen-san wa Hakarenai 59 (66)
AKB49: Renai Kinshi Jourei,,Manga,Reading,,,249,246,,,,,9.AKB49: Renai Kinshi Jourei 246 (249)
Akuyaku Reijou no Shitsuji-sama Hametsu,,Manga,Reading,,,14,,,,,,418. Akuyaku Reijou no Shitsuji-sama Hametsu 14
Alcohol is for Married Couples,,Manga,Reading,,,36,,,,,,53.Alcohol is for Married Couples 36
All Hail the Sect Leader,,Manga,Reading,,,72,,,1,,,433.  All Hail the Sect Leader 72 ⭐
Almighty Master,,Manga,Reading,,,60,,,,,,296. Almighty Master 60
Alpha Reborn,,Novel,Reading,,,126,,,,,,1.132. Alpha Reborn 126
Am I Invicible,,Manga,Reading,,,88,,,,,,517. Am I Invicible 88
Amentia,,Manga,Reading,,,53,52,,,,,74.Amentia 52 (53)
Ane Naru Mono,,Manga,Reading,,,33,24,,,,release_frequency=~42,110.Ane Naru Mono 24 (33) ~42
Annoying Alice,,Manga,Reading,,,59,,,1,,,238.Annoying Alice 59 🌟
Another Emperor Reborn,,Manga,Reading,,,218,,,,,,495. Another Emperor Reborn 218
Apotheosis,,Manga,Reading,,,199,197,,1,,release_frequency=~12,119.Apotheosis 197 (199) ~12 🌟
Appetite,,Manga,Completed,,101,101,,,,,,11.Appetite 99.5 (101) ✓
Arifureta - From Commonplace to World's,,Manga,Reading,,,35,32,,1,,release_frequency=~33,113.Arifureta - From Commonplace to World's  32 (35) ~33 🌟
Arrogant CEO: Wife Hunter,,Manga,Completed,,,273,,,,,,256.Arrogant CEO: Wife Hunter 273 ✓
"As Long as I Outlast You All, I’ll Be Invincible",,Novel,Reading,,,80,,,,,,"1.217. As Long as I Outlast You All, I’ll Be Invincible 80"
As Miss Beelzebub Likes,,Manga,Reading,,,34,,,,,,60.As Miss Beelzebub Likes 34
Ascension To Godhood By Slaying Demons,,Manga,Reading,,,18,,,,,,309. Ascension To Godhood By Slaying Demons 18
Askr Yggradsil's Wood,,Manga,Reading,,,37,,,,,,489.  Askr Yggradsil's Wood 37
Assassin Landlord & Beauty Tenants,,Novel,Reading,,,49,,,,,,
Baby's Nest,,Manhwa,Completed,h-manhwa,43,43,,,,,,1.1.47 Baby's Nest 43 ✓
Back To Rule Again,,Manga,Reading,,,97,,,,,,401. Back To Rule Again 97
Bastard,,Manga,Completed,,94,94,,,,,,154.Bastard 93 (94) ✓
Battle Frenzy,,Manga,Reading,,,110,,,1,,,281.Battle Frenzy 110 ~? 🌟
Beauty and Bodyguard,,Novel,Reading,,,927,,,,,,1.17.Beauty and Bodyguard 927
Become Villain in the Game Cultivation,,Manga,Reading,,,54,,,1,,,463. Become Villain in the Game Cultivation 54 ⭐
Being a Wandering Singer in the Cultivation World,,Novel,Completed,,,133,,,,,,1.215. Being a Wandering Singer in the Cultivation World 133 ✓
Berserk of Gluttony,,Manga,Reading,,,11,,,,,,45.Berserk of Gluttony 11
Best Wedding,,Manga,Completed,,169,169,,,,,,252.Best Wedding 169 ✓
Between Us,,Manhwa,Completed,h-manhwa,95,95,,8,,,,1.1.46 Between Us  90.5 (95) ✓ 💯
Bigger Than Mr. Dave's,,Manhwa,Reading,h-manhwa,,27,,,,,no ntr atm,1.1.24 Bigger Than Mr. Dave's 27 (no ntr atm)
Blade Note,,Manga,Unknown,,,25,24,,,,chyba autor porzucil,67.Blade Note 24 (25) ✓❌
Blavet,,Manga,Unknown,,,27,,,,,chyba autor porzucil,219.Blavet 27 ✓❌
Blood Warlock: Succubus Partner In The Apocalypse,,Novel,Reading,,,1264,,,1,,,1.124. Blood Warlock: Succubus Partner In The Apocalypse 1264 ⭐
Bloody Heaven,,Manga,Reading,,,39,,,,,,191.Bloody Heaven 39 ~?
Boku no Kanojo ga Majimesugiru Shojo Bitch na Ken,,Manga,Reading,,,60,67,,,,release_frequency=~26,265.Boku no Kanojo ga Majimesugiru Shojo Bitch na Ken 60 (67) ~26
Boss in School,,Manga,Reading,,,67,,,1,,,232.Boss in School 67 ~? 🌟
Boss Reverse,,Manhwa,Reading,h-manhwa,,15,,,,,,1.1.19 Boss Reverse 15
Boxer,,Manga,Reading,,,34,,,,,,511. Boxer 34
Boy's Abyss,,Manga,Reading,,,69,,,,,,483. Boy's Abyss 69
Bringing the Nation's Husband Home,,Manga,Completed,,154,154,,8,,,chyba skonczone,249.Bringing the Nation's Husband Home 152 (154) ~? ✓ 💯
Broken Melody,,Manga,Reading,,,39,,,1,,release_frequency=~39x1,70.Broken Melody 39 ~39x1 🌟
Butsuri-san de Musou shitetara Motemote ni,,Manga,Reading,,,28,26,,,,release_frequency=~16,164.Butsuri-san de Musou shitetara Motemote ni  26 (28) ~16
Carrying The Goddess Along,,Manga,Reading,,,46,,,,,,311. Carrying The Goddess Along 46
Castle of Black Iron,,Novel,Completed,,,2015,,,,,,1.57.Castle of Black Iron 2015 ✓
Chang an demon song,,Manga,Reading,,,29,,,,,,31.Chang an demon song 29
Childhood Bride,,Manhwa,Reading,h-manhwa,,19,,,1,,,1.1.52 Childhood Bride 19 ⭐
Childhood Friend of the Zenith,,Novel,Reading,,,156,,,,,,1.155. Childhood Friend of the Zenith 156
Chillin Different World Life Of The Ex-Brave Candidate Was Cheat From Lv2,,Manga,Reading,,,26,,,,,,368. Chillin Different World Life Of The Ex-Brave Candidate Was Cheat From Lv2 26
Chronicles of the Demon Faction,,Manga,Reading,,,68,,,,,,523. Chronicles of the Demon Faction 68
Chunqing Yatou Huolala,,Manga,Reading,,,244,,,1,,release_frequency=~7,244.Chunqing Yatou Huolala 244 ~7 🌟
Cigarette & Cherry,,Manga,Reading,,,29,,,,,,484. Cigarette & Cherry 29
Circle Zero's Otherworldly Hero Business,,Manga,Reading,,,27,,,,,release_frequency=~10,170.Circle Zero's Otherworldly Hero Business 27 ~10
Circles,,Manhwa,Reading,h-manhwa,,62,,,,,,1.1.63 Circles 62
City of Sin,,Novel,Completed,,1300,1300,B9,8,,,,1.46. City of Sin (B9) 146 (1300) 💯 ✓
City of the Dead Sorcerer,,Manga,Reading,,,165,164,,,,release_frequency=~24,220.City of the Dead Sorcerer 164 (165) ~24
City Of Witches,,Novel,Reading,,,758,,,,,,1.156. City Of Witches 758
Civil Servant in Romance Fantasy,,Novel,Reading,,,137,,,,,,1.170. Civil Servant in Romance Fantasy 137
Class ga Isekai Shoukan sareta Naka Ore dake,,Manga,Reading,,,15,14,,1,,release_frequency=~42,135.Class ga Isekai Shoukan sareta Naka Ore dake 14 (15) ~42 🌟
Close as Neighbours,,Manhwa,Reading,h-manhwa,,50,,,1,,,1.1.9 Close as Neighbours 50 🌟
Codename Vestia,,Novel,Reading,,,19,,8,1,,,1.69. Codename Vestia 19 💯 ⭐
Cohabitation,,Manhwa,Completed,h-manhwa,55,55,,4,,,"ntr, zakonczenie","1.1.6 Cohabitation 54 (55) ✓ 💩 (ntr, zakonczenie)"
Confinement King,,Novel,Reading,,,324,,,,,,1.112. Confinement King 324
Covertly Gloriously,,Manga,Completed,,66,66,,,,,,213.Covertly Gloriously 66 ✓
Crime and Punishment,,Manhwa,Reading,h-manhwa,,40,,,,,,1.1.39 Crime and Punishment 40
Criminale!,,Manga,Completed,,40,40,,,,,,158.Criminale! 35.5 (40) ✓
"Cultivating Immortality, Starting from Childhood Sweethearts",,Novel,Reading,,,413,,,,,,"1.199. Cultivating Immortality, Starting from Childhood Sweethearts 413"
Cultivation Online,,Novel,Reading,,,822,,,,,,1.84. Cultivation Online 822
Cultivator Against Hero Society,,Manga,Reading,,,185,,,2,,,428. Cultivator Against Hero Society 185⭐⭐
Daddy from Hell,,Manga,Reading,,,64,,,,,,307. Daddy from Hell 64
Daddy's wild oats,,Manhwa,Reading,h-manhwa,,27,,,,,,1.1.21 Daddy's wild oats 27
Daily Life Of A Certain Married Couple,,Manga,Reading,,,17,,,,,,399. Daily Life Of A Certain Married Couple 17
Daily Life of the Cultivation Judge,,Novel,Reading,,,647,,,,,,1.158. Daily Life of the Cultivation Judge 647
Damn Reincarnation,,Novel,Reading,,,352,260,,,,,1.138. Damn Reincarnation 260 (352)
Danchigai,,Manga,Reading,,,100,97,,,,,12.Danchigai 97 (100)
Dao of the Bizarre Immortal,,Novel,Reading,,,69,,,,,,1.202. Dao of the Bizarre Immortal 69
Dao Yin,,Manga,Reading,,,20,,,,,,490. Dao Yin 20
Darwin's Game,,Manga,Reading,,,73,77,,1,,release_frequency=~13,179.Darwin's Game 73 (77) ~13 🌟
Deatte 5Byou De Battle,,Manga,Reading,,,154,,,1,,,379. Deatte 5Byou De Battle 154 ⭐
Demon Lord and His Unknown Child With the Empress,,Novel,Reading,,,17,,,,,,1.176. Demon Lord and His Unknown Child With the Empress 17
Demonic Housekeeper,,Manga,Reading,,,50,52,,,,,245.Demonic Housekeeper 50 (52) ~?
"Despite Being Pursued As a Villain, All The Heroines Are On My Side?",,Novel,Reading,,,62,,,,,,"1.90. Despite Being Pursued As a Villain, All The Heroines Are On My Side? 62"
Devil Sword King,,Manga,Reading,,,211,,8,1,,,364. Devil Sword King 211 💯 ⭐
Devilchi,,Manga,Reading,,,30,28,,,,,155.Devilchi 28 (30) ~?
Devouring the Hero's Family,,Novel,Reading,,,71,,,,,,1.177. Devouring the Hero's Family 71
Distant Sky,,Manga,Completed,,117,117,vol.5 Epilogue,8,,,,190.Distant Sky vol.5 Epilogue 117 ✓ 💯
Divine Heros Skyfall System,,Manga,Reading,,,132,,,,,,298. Divine Heros Skyfall System 132
Divine Throne,,Manga,Reading,,,153,,,,,,16.Divine Throne 153
Do Chokkyuu Kareshi x Kanojo,,Manga,Reading,,,17,16,,,,,109.Do Chokkyuu Kareshi x Kanojo 16 (17)
Does Your Mother Need Son In Law,,Manga,Reading,,,131,,,,,,375. Does Your Mother Need Son In Law 131
Dog on Patrol,,Manhwa,Completed,h-manhwa,56,56,,4,,,,1.1.56 Dog on Patrol 56 ✓ 💩
Doggone Academy,,Novel,Reading,,,81,,,,,,1.167. Doggone Academy 81
Dokgo,,Manga,Completed,,90,90,,,,,,197.Dokgo 90 ✓
Dokgo Rewind,,Manga,Completed,,273,273,,,,,,196.Dokgo Rewind 272 (273) ✓
Dokgo2,,Manga,Reading,,,69,68,,1,,,198.Dokgo2 68 (69) 🌟
Don's Adventure in Another World,,Manga,Reading,,,315,,,1,,,14.Don's Adventure in Another World 315 🌟
Doom breaker,,Manga,Reading,,,60,,,,,,518. Doom breaker 60
Doridosim,,Manga,Completed,,81,81,,,,,,71.Doridosim 79.5 (81) ✓
Dorm Room Sisters,,Manhwa,Reading,h-manhwa,,63,,8,1,,,1.1.44 Dorm Room Sisters 63 💯 ⭐
Dr. Stone,,Manga,Reading,,,112,111,,,,release_frequency=~8,129.Dr. Stone 111 (112) ~8
Dr.Don,,Manga,Reading,,,75,,,,,,391. Dr.Don 75
DREADWOLF,,Novel,Reading,,,129,,,,,,1.77. DREADWOLF 129
Dual Cultivation,,Novel,Reading,,,1015,,,2,,,1.38. Dual Cultivation 1015 🌟 🌟
Dumped,,Manhwa,Reading,h-manhwa,,24,,,,,,1.1.31 Dumped 24
Ecstas Online,,Manga,Reading,,,16,,,,,,175.Ecstas Online 16 ~?
Elf who Likes to be Humiliated,,Manhwa,Reading,h-manhwa,,46,,,,,,1.1.53 Elf who Likes to be Humiliated 46
Encountering a Cute and Clumsy Witch on a Night Walk,,Novel,Reading,,,110,,,,,,1.218. Encountering a Cute and Clumsy Witch on a Night Walk 110
Ending Maker,,Novel,Reading,,,256,,9,1,,,1.63. Ending Maker 256 💯 💯⭐
Enslaved Sister Harem,,Novel,Reading,,,70,V2c34,,,,,1.78 Enslaved Sister Harem (V2c34) 70
Epic of Gilgamesh,,Manga,Completed,,154,154,,,,,chyba skonczone,19.Epic of Gilgamesh 153 (154) ✓?
Epoch of Twilight,,Novel,Completed,,,593,,,,,"disappointed. Bohater na koniec bogiem,ale bez emocji,laski zginęły","1.34.Epoch of Twilight 593 ✓ (disappointed. Bohater na koniec bogiem,ale bez emocji,laski zginęły)"
Erostica,,Manhwa,Completed,h-manhwa,44,44,,,,,,1.1.11 Erostica 44 ✓
Escape Loser,,Manhwa,Reading,h-manhwa,,27,,,,,,1.1.49 Escape Loser 27
Eternal reverence,,Manga,Reading,,,120,,,,,,7.Eternal reverence 120
Everlasting God of Sword,,Manga,Reading,,,86,87,,1,,release_frequency=~7,242.Everlasting God of Sword 86 (87) ~7 🌟
Everlasting Life Begins with Teaching My Niece a Lesson in the Joyous Union Sect,,Novel,Reading,,,51,,,,,,1.204. Everlasting Life Begins with Teaching My Niece a Lesson in the Joyous Union Sect 51
Everyone Else is a Returnee,,Novel,Completed,,,348,ex4,8,,,,1.12.Everyone Else is a Returnee 348 (ex4) ✓ 💯
Evil Dragon Reincarnation,,Manga,Reading,,,22,20.2,,,,,114.Evil Dragon Reincarnation 20.2 (22)
"Excuse Me, This is my Room",,Manhwa,Reading,h-manhwa,,47,,,1,,no ntr atm,"1.1.22 Excuse Me, This is my Room 47 ⭐ (no ntr atm)"
Exorcist and Devil-chan,,Manga,Reading,,,24,20,,,,release_frequency=~20,148.Exorcist and Devil-chan 20 (24) ~20
Falling in Love with the Villainess,,Novel,Reading,,,75,v2c41,,,,,1.70. Falling in Love with the Villainess v2c41 (75)
Farming Life in Another World,,Manga,Reading,,,74,,,,,,40.Farming Life in Another World 74
Fated To Be Loved By Villains,,Novel,Reading,,,130,,,,,,1.169. Fated To Be Loved By Villains 130
Female Cultivators are After Me,,Manga,Reading,,,34,,8,,,,361. Female Cultivators are After Me 34 💯
FFF-class Trash Hero,,Manga,Reading,,,81,,8,,,,333. FFF-class Trash Hero 81 💯
Fitness,,Manhwa,Reading,h-manhwa,,79,,8,1,,,1.1.37 Fitness 79 💯 ⭐
Flow,,Manga,Completed,,104,104,,,,,,18.Flow 102 (104) ✓
Flower Stealing Master,,Novel,Reading,,,2126,,,,,,1.122. Flower Stealing Master 2126
Forced to Become the Villain’s Son-in-law,,Manga,Reading,,,170,,8,2,,,302. Forced to Become the Villain’s Son-in-law 170 💯 ⭐ ⭐
Forever Mine,,Manga,Completed,,,74,,,,,,79.Forever Mine 74 ✓
Free Draw,,Manga,Reading,,,33,,,1,,,199.Free Draw 33 ~? 🌟
From the Grave and Back,,Manga,Reading,,,83,,,,,,497. From the Grave and Back 83
Fudatsuki no Kyoko-chan,,Manga,Completed,,,44,,,,,,48.Fudatsuki no Kyoko-chan 44 ✓
"Fukushuu o Koinegau Saikyou Yuusha wa, Yami no Chikara de Senmetsu Musou Suru",,Manga,Reading,,,41,,,,,,"409. Fukushuu o Koinegau Saikyou Yuusha wa, Yami no Chikara de Senmetsu Musou Suru 41"
Futsuu ni Naritai,,Manga,Reading,,,78,77,,,,release_frequency=~8,66.Futsuu ni Naritai 77 (78) ~8
Gal Gohan,,Manga,Reading,,,47,,,,,,73.Gal Gohan 47
Gang of School,,Manga,Reading,,,7,,,,,,308. Gang of School 7
Gangam Dokkaebi,,Manga,Reading,,,30,,,1,,,339. Gangam Dokkaebi 30 ⭐
Genjitsushugisha no Oukokukaizouki,,Manga,Reading,,,32,,,,,,384. Genjitsushugisha no Oukokukaizouki 32
Girlfriend Who Absolutely Doesn’t Want to Take a Bath VS Boyfriend Who Absolutely Wants Her to Take a Bath,,Manga,Reading,,,27,26.5,,,,,434.  Girlfriend Who Absolutely Doesn’t Want to Take a Bath VS Boyfriend Who Absolutely Wants Her to Take a Bath 26.5 (27)
God and Devil world,,Novel,Reading,,,1213,,,,,,1.23.God and Devil world 1213
God of Blackfield,,Manga,Reading,,,103,,,,,,498. God of Blackfield 103
God of Lust,,Novel,Reading,,,101,,,1,,,1.37.God of Lust 101 🌟
God Slayer,,Manga,Reading,,,93,,,1,,,319. God Slayer 93 ⭐
Goddess's Personal Doctor,,Manga,Reading,,,27,,,,,,357. Goddess's Personal Doctor 27
Godly Stay-Home Dad,,Novel,Reading,,,345,,,,,,1.15.Godly Stay-Home Dad 345
Grasping Evil,,Novel,Reading,,,513,,,,,,1.65. Grasping Evil 513
Great Demon King,,Novel,Reading,,,742,,,,,,1.3.Great Demon King 742
Greatest Boss System,,Manga,Reading,,,110,,,,,,377. Greatest Boss System 110
Greatest Outcast,,Manga,Completed,,81,81,,8,,,,1.Greatest Outcast  68 (81) ✓💯
Green Skin,,Novel,Reading,,,199,,,,,,1.73. Green Skin 199
Gun x Clover,,Manga,Reading,,,55,,,,,release_frequency=~90,92.Gun x Clover 55 ~90
"Gun-Ota ga Mahou Sekai ni Tensei shitara, Gendai Heiki de Guntai Harem wo Tsukucchaimashita!?",,Manga,Reading,,,31,,,,,,"166.Gun-Ota ga Mahou Sekai ni Tensei shitara, Gendai Heiki de Guntai Harem wo Tsukucchaimashita!? 31 ~?"
Hail the king,,Novel,Completed,,1700,1700,,8,,,,1.47.Hail the king 1275.4  (1700) 💯 ✓
Hajimete no Gal,,Manga,Reading,,,78,,,1,,release_frequency=~33,94.Hajimete no Gal 78 ~33 🌟
Hakase to Suraimu-chan,,Manga,Completed,,75,75,,,,,,105.Hakase to Suraimu-chan 75 ✓
Hakoiri Drops,,Manga,Completed,,89,89,,4,,,nudzace i monotonne,221.Hakoiri Drops 80.4 (89) ✓ 💩 (nudzace i monotonne)
Handling the Demoness and Saintess,,Manga,Reading,,,53,,,,,,440.  Handling the Demoness and Saintess 53
Happiness (Shuzo Oshimi),,Manga,Completed,,50,50,,,,,,89.Happiness (Shuzo Oshimi) 50 ✓
"Heaven, Earth, Me",,Novel,Reading,,,66,,,,,,"1.81. Heaven, Earth, Me 66"
Heavenly Martial God,,Manga,Reading,,,65,,,,,,447. Heavenly Martial God 65
Hedonist Sovereign,,Novel,Reading,,,1283,,,,,,1.49. Hedonist Sovereign 1283
Her Summon,,Manga,Reading,,,62,,,2,,,234.Her Summon 62 ~? 🌟 🌟
Hero Manager,,Manhwa,Reading,h-manhwa,,23,,,3,,no ntr,1.1.20 Hero Manager 23 🌟⭐ ⭐ (no ntr)
Hero Waltz,,Manga,Reading,,,59,54,,,,release_frequency=~7,97.Hero Waltz 54 (59) ~7
Hey boy! Let's take a break.,,Manga,Reading,,,5,,,,,release_frequency=~21,143.Hey boy! Let's take a break. 5 ~21
Hibi Chouchou,,Manga,Completed,,86,86,,,,,,88.Hibi Chouchou 75.8 (86) ✓
High Risk Mission Therapy,,Manga,Completed,,75,75,,,,,,120.High Risk Mission Therapy 60 (75) ✓
Hiraheishi wa Kako wo Yumemiru,,Manga,Reading,,,33,,,,,,257.Hiraheishi wa Kako wo Yumemiru 33 ~?
Hirasaka Hinako ga Ero Kawaii koto wo Ore dake ga Shitteiru,,Manga,Reading,,,27,,,,,,405. Hirasaka Hinako ga Ero Kawaii koto wo Ore dake ga Shitteiru 27
His Barcode Tattoo,,Manga,Reading,,,42,,,1,,,215.His Barcode Tattoo 42 ~? 🌟
History of Three States,,Manga,Reading,,,15,,,,,,466. History of Three States 15
History's Greatest Husband,,Novel,Completed,,,684,,4,1,,"mieszane uczucia. Niesamowita, ale ostatnie 100 rozdziałów i ending zjebane","1.95. History's Greatest Husband 684 ✓ ⭐ 💩 (mieszane uczucia. Niesamowita, ale ostatnie 100 rozdziałów i ending zjebane)"
Hitman (Kouji Seo),,Manga,Reading,,,40,42,,,,release_frequency=~12,161.Hitman (Kouji Seo) 40 (42) ~12
Holy Ancestor,,Manga,Reading,,,120,,,,,,24.Holy Ancestor 120
Holy Necromancer: Rebirth of the Strongest Mage,,Novel,Reading,,,392,,,,,,1.116. Holy Necromancer: Rebirth of the Strongest Mage 392
Hoozuki-san Chi no Aneki,,Manga,Completed,,33,33,,,,,,37.Hoozuki-san Chi no Aneki 31.6 (33) ✓
Horimiya,,Manga,Reading,,,97,,,1,,,39.Horimiya 97 🌟
"Hoshino, Me o Tsubutte",,Manga,Reading,,,78,73,,,,release_frequency=~35,"131.Hoshino, Me o Tsubutte 73 (78) ~35"
House Dad's Literary Life,,Novel,Reading,,,175,,,,,,1.106. House Dad's Literary Life 175
How To Be A Demon lord: The Former Hero's Journey As A Demon Lord!,,Novel,Reading,,,249,,,,,,1.137. How To Be A Demon lord: The Former Hero's Journey As A Demon Lord! 249
How to fight,,Manga,Reading,,,79,78.1,8,,,,359. How to fight 78.1 (79) 💯
How To Live As A Writer In A Fantasy World,,Novel,Reading,,,148,,,,,,1.141. How To Live As A Writer In A Fantasy World 148
How to Survive at the Academy,,Novel,Reading,,,42,,,,,,1.120. How to Survive at the Academy 42
Hypnomancer,,Manhwa,Reading,h-manhwa,,26,,,,,,1.1.58 Hypnomancer 26
Hyulla's Race,,Manga,Completed,,117,117,,,,,,91.Hyulla's Race 57.2 (117) ✓
I Am a Great God,,Manga,Reading,,,48,47,,,,release_frequency=~7,102.I Am a Great God 47 (48) ~7
I Am a Hero,,Manga,Completed,,264,264,,,,,,123.I Am a Hero 264 ✓
I am Cultivation Bigshot,,Manga,Reading,,,115,,,,,,516. I am Cultivation Bigshot 115
I Am Fated Villain,,Novel,Reading,,,264,,,,,,1.96. I Am Fated Villain 264
I am Gao Fushai Villain,,Novel,Reading,,,213,,,,,,1.64. I am Gao Fushai Villain 213
I am Han Sanqian,,Manga,Reading,,,69,,,,,,487. I am Han Sanqian 69
I am Supreme Son in Law,,Manga,Reading,,,19,,,,,,482. I am Supreme Son in Law 19
I Am The Sorcerer King,,Manga,Reading,,,43,,,2,,,228.I Am The Sorcerer King 43 🌟 🌟
I am the Strongest Lord in Another World,,Manga,Reading,,,14,,,,,,414. I am the Strongest Lord in Another World 14
I Arrived at Oni-san's Place,,Manga,Reading,,,10,,,1,,,147.I Arrived at Oni-san's Place 10 ~? 🌟
I Became a System,,Manga,Reading,,,60,,,,,,469. I Became a System 60
I Became First Prince,,Novel,Reading,,,288,,,,,,1.111. I Became First Prince 288
I Became The Academy Necromancer,,Novel,Reading,,,114,,,,,,1.184. I Became The Academy Necromancer 114
I Became The Academy’s Blind Swordsman,,Novel,Reading,,,193,,,,,,1.146. I Became The Academy’s Blind Swordsman 193
I Became the Academy’s Kibitz Villain,,Novel,Reading,,,158,,,,,,1.165. I Became the Academy’s Kibitz Villain 158
I Became the Empress's Personal Guard,,Novel,Reading,,,109,,,,,,1.190. I Became the Empress's Personal Guard 109
I Became the Master of the Empress,,Novel,Reading,,,90,,,,,,1.157. I Became the Master of the Empress 90
I Became the Narrow-Eyed Character in the Little Prince Game,,Novel,Reading,,,68,,,,,,1.188. I Became the Narrow-Eyed Character in the Little Prince Game 68
I Became the Villain of a Romance Fantasy,,Novel,Reading,,,53,,,,,,1.148. I Became the Villain of a Romance Fantasy 53
I Became The Villain The Hero Is Obsessed With,,Novel,Reading,,,174,,,,,,1.139. I Became The Villain The Hero Is Obsessed With 174
I Become Immortal,,Manga,Reading,,,43,,,,,,450. I Become Immortal 43
I Brought Home A Succubus Who Failed to Find a Job,,Manga,Reading,,,31,,,,,,337.  I Brought Home A Succubus Who Failed to Find a Job 31
I Built a Lifespan Club,,Manga,Reading,,,52,,,,,,503. I Built a Lifespan Club 52
I Fell into the Game with Instant Kill,,Novel,Reading,,,154,,,,,,1.142. I Fell into the Game with Instant Kill 154
I Have a Mansion in the Post-apocalyptic World,,Novel,Reading,,,819,,,,,release_frequency=~3,1.7.I Have a Mansion in the Post-apocalyptic World 819 ~3
I Have a Mansion in the Post-apocalyptic World,,Manga,Reading,,,181,,,2,,release_frequency=~3,282.I Have a Mansion in the Post-apocalyptic World 181 ~3 🌟 🌟
I Have An Apocalyptic Dungeon,,Manga,Reading,,,54,,,,,,380. I Have An Apocalyptic Dungeon 54
I have Nine Female Disciples,,Manga,Reading,,,95,,,,,,313. I have Nine Female Disciples 95
I Have Refined Qi for3000 years,,Novel,Reading,,,178,v8c24,,,,,1.101. I Have Refined Qi for3000 years v8c24 (178)
I Have Twin Girlfriends,,Manga,Reading,,,60,,,,,,430.  I Have Twin Girlfriends 60
I Kidnapped the Hero’s Women,,Novel,Reading,,,144,,,,,,1.189. I Kidnapped the Hero’s Women 144
I Killed the Player Of the Academy,,Novel,Reading,,,69,,,,,,1.127. I Killed the Player Of the Academy 69
I Obtained a Mythic Item,,Manga,Reading,,,102,,,,,,519. I Obtained a Mythic Item 102
I Picked Up A Demon Lord As A Maid,,Manga,Reading,,,45,,,,,,360. I Picked Up A Demon Lord As A Maid 45
I Picked Up An Attribute,,Manga,Reading,,,116,,,,,,390. I Picked Up An Attribute 116
I Raised an Obsessive Servant,,Novel,Reading,,,16,,,,,,1.30. I Raised an Obsessive Servant 16
I Reincarnated As The Crazed Heir,,Manga,Reading,,,25,,,,,,512. I Reincarnated As The Crazed Heir 25
I Shaved. Then I Brought A High School Girl Home,,Manga,Reading,,,31,,,,,,421. I Shaved. Then I Brought A High School Girl Home 31
I Started As Novel Villain,,Novel,Reading,,,184,,,,,,1.94. I Started As Novel Villain 184
I Want Your Mother to Be with Me!,,Manga,Reading,,,28,,,1,,,415. I Want Your Mother to Be with Me! 28 ⭐
I Was Mistakend As A Monstrous Genius Actor,,Novel,Reading,,,191,,,,,,1.180. I Was Mistakend As A Monstrous Genius Actor 191
I was Stuck on the Same Day for One Hundred Thousand Years,,Manga,Reading,,,34,,,1,,,383. I was Stuck on the Same Day for One Hundred Thousand Years 34 ⭐
I was trash,,Manga,Reading,,,40,,,1,,,28.I was trash 40 🌟
I Won’t Get Bullied By Girls,,Manga,Reading,,,18,18.1,,,,,354. I Won’t Get Bullied By Girls 18.1 (18)
I'll Quit Being a God,,Novel,Reading,,,485,,,,,,1.174. I'll Quit Being a God 485
I'm an Evil God,,Manga,Reading,,,135,,8,1,,,323. I'm an Evil God 135 ⭐ 💯
"I'm an S-Rank 'Behemoth' Monster, but I'm Living as a Pet of an Elf Girl",,Manga,Reading,,,14,,,1,,release_frequency=~33,"169.I'm an S-Rank 'Behemoth' Monster, but I'm Living as a Pet of an Elf Girl 14 ~33 🌟"
I'm Destined for Greatness!,,Manga,Reading,,,40,,,,,,458. I'm Destined for Greatness! 40
I'm Just a Side Character in a Dating Simulation,,Manga,Reading,,,46,,,,,,443. I'm Just a Side Character in a Dating Simulation 46
I'm Really Not the Demon God's Lackey,,Manga,Reading,,,58,,8,,,,468. I'm Really Not the Demon God's Lackey 58 💯
"I'm standing on 1,000,000,000 Lives",,Manga,Reading,,,19,,,,,,"20.I'm standing on 1,000,000,000 Lives 19"
I'm the Evil Lord of an Intergalactic Empire!,,Novel,Reading,,,60,,,,,,1.9.I'm the Evil Lord of an Intergalactic Empire! 60
I've been Reincarnated as Villainess Older Brother,,Novel,Reading,,,16,,,,,,1.71. I've been Reincarnated as Villainess Older Brother 16
"I, The Strongest Demon, Have Regained My Youth?!",,Manga,Reading,,,47,,,,,,"388. I, The Strongest Demon, Have Regained My Youth?! 47"
Ijousha no Ai,,Manga,Reading,,,44,,,1,,,278.Ijousha no Ai 44 ~? 🌟
Imadoki no Wakai Mon wa,,Manga,Completed,,,10,,,,,"chyba skonczone
release_frequency=~1x?",150.Imadoki no Wakai Mon wa 10 ✓?  ~1x?
Immortal,,Novel,Reading,,,240,v4c76,,,,,1.62. Immortal v4c76 (240)
Immortal Becomes a Stay-at-home Dad After Return,,Novel,Reading,,,209,,,,,,1.22.Immortal Becomes a Stay-at-home Dad After Return 209
Immortal Demon Dad,,Manga,Reading,,,30,,,,,,306. Immortal Demon Dad 30
Immortal Nanny Dad,,Manga,Reading,,,100,,,,,,304. Immortal Nanny Dad 100
Immortal Only Accepts Female Disciples,,Novel,Reading,,,402,,,,,,1.83. Immortal Only Accepts Female Disciples 402
Immortal Reverence Dad,,Manga,Reading,,,97,,,,,,353. Immortal Reverence Dad 97
Immortal Swordsman in the Reverse World,,Manga,Reading,,,113,,,,,,301. Immortal Swordsman in the Reverse World 113
In At The Deep End,,Manhwa,Reading,h-manhwa,,31,,,,,,1.1.30 In At The Deep End 31
Incompatible Interspecies Wives,,Novel,Completed,,,225,,8,1,,chyba skonczone,1.147. Incompatible Interspecies Wives 225 ✓? 💯 ⭐
Incompetent Villain,,Manga,Reading,,,14,,,,,,349. Incompetent Villain 14
Infection,,Manga,Reading,,,60,64,,2,,release_frequency=~24,178.Infection 60 (64) ~24 🌟 🌟
Infinite Apostles And Twelve War Girls,,Manga,Reading,,,106,,,,,,343. Infinite Apostles And Twelve War Girls 106
Inside An Adult Game As A Former Hero,,Novel,Reading,,,256,128.1,,,,,1.145. Inside An Adult Game As A Former Hero 128.1 (256)
Interviews with Monster Girls,,Manga,Reading,,,47,43.5,,,,release_frequency=~36,75.Interviews with Monster Girls 43.5 (47) ~36
Into the Net!,,Manga,Reading,,,44,,,1,,release_frequency=~12,203.Into the Net! 44 ~12 🌟
"Investing in the Reborn Empress, She Actually Calls Me ‘Husband’",,Novel,Reading,,,490,,,,,,"1.210. Investing in the Reborn Empress, She Actually Calls Me ‘Husband’ 490"
Invicible at the start,,Manga,Reading,,,51,,,,,,515. Invicible at the start 51
Iron Ladies,,Manga,Reading,,,321,,,1,,release_frequency=~2,86.Iron Ladies 321 ~2 🌟
Isaac,,Novel,Completed,,,214,,,1,,,1.153. Isaac 214 ✓ ⭐
Isekai Elf no Dorei-chan,,Manga,Completed,,36,36,,,,,chyba skonczone,174.Isekai Elf no Dorei-chan 32.5 (36)  ✓?
Isekai Goumon Hime,,Manga,Completed,,15,15,,,,,,115.Isekai Goumon Hime 15  ✓
Isekai Kaeri no Yuusha ga Gendai Saikyou!,,Manga,Reading,,,16,4.2,,,,release_frequency=~30,248.Isekai Kaeri no Yuusha ga Gendai Saikyou! 4.2 (16) ~30
Isekai NTR,,Manga,Reading,,,9,,,,,,432. Isekai NTR 9
Isekai Onsen ni Tensei shita Ore no Kounou ga,,Manga,Reading,,,17,16.5,,,,,165.Isekai Onsen ni Tensei shita Ore no Kounou ga  16.5 (17) ~?
Isekai Ryouriodu,,Manga,Reading,,,12,11,,,,,246.Isekai Ryouriodu 11 (12) ~?
Isekai Yakkyoku,,Manga,Reading,,,22,26,,,,release_frequency=~41,205.Isekai Yakkyoku 22 (26) ~41
It All Starts With Playing Game Seriously,,Manga,Reading,,,39,,,,,,381. It All Starts With Playing Game Seriously 39
It Starts with a kingpin account,,Manga,Reading,,,48,,,,,,404. It Starts with a kingpin account 48
It Starts with a Mountain,,Manga,Reading,,,122,,,,,,453. It Starts with a Mountain 122
"It's Time for 'Interrogation', Princess!",,Manga,Reading,,,6,,,,,,"61.It's Time for 'Interrogation', Princess! 6"
It’s Hard To Mix In With The Demons,,Manga,Reading,,,16,,,,,,436.  It’s Hard To Mix In With The Demons 16
Jagaaaaaan,,Manga,Reading,,,70,,,1,,release_frequency=~25,182.Jagaaaaaan 70 ~25 🌟
Jichou shinai Motoyuusha no Tsuyokute Tanoshii New Game,,Manga,Reading,,,60,,,,,,403. Jichou shinai Motoyuusha no Tsuyokute Tanoshii New Game 60
Jimina Ken Sei Wa Sore Demo Saikyoudesu,,Manga,Reading,,,57,,,,,,475. Jimina Ken Sei Wa Sore Demo Saikyoudesu 57
Jishou F-Rank no Oniisama ga Game de Hyouka sareru Gakuen no Chouten ni Kunrin suru Sou desu yo?,,Manga,Reading,,,13,12,,1,,release_frequency=~40,133.Jishou F-Rank no Oniisama ga Game de Hyouka sareru Gakuen no Chouten ni Kunrin suru Sou desu yo? 12 (13) ~40 🌟
Joshikousei to Seishokusha-san,,Manga,Reading,,,28,,,,,,444. Joshikousei to Seishokusha-san 28
Journey to Heaven,,Manga,Reading,,,50,,,,,,514. Journey to Heaven 50
Jubunnoichi no Hanayome,,Manga,Completed,,64,64,,,,,"wtf,rushed ending,not making sense","407. Jubunnoichi no Hanayome 59.5  ( wtf,rushed ending,not making sense) (64) ✓"
Jungle Juice,,Manga,Reading,,,13,,8,,,,310. Jungle Juice 13 💯
Kaguya Wants to be Confessed to Official Doujin,,Manga,Reading,,,12,11.1,,,,,62.Kaguya Wants to be Confessed to Official Doujin 11.1 (12)
Kaifuku Jutsushi no Yarinaoshi,,Manga,Reading,,,46,21.2,,1,,,288.Kaifuku Jutsushi no Yarinaoshi  21.2 (46) ~? 🌟
Kakao 79%,,Manga,Reading,,,176,168,,,,release_frequency=~3,125.Kakao 79% 168 (176) ~3
Kangoku Jikken,,Manga,Reading,,,63,,,,,,480. Kangoku Jikken 63
"Kanojo, Okarishimasu",,Manga,Reading,,,88,87,,,,nie czytac,"54.Kanojo, Okarishimasu 87 (88)  (nie czytac)"
Katsute Mahou Shoujo to Aku wa Tekitai shite Ita.,,Manga,Completed,,21,21,,,,,,87. Katsute Mahou Shoujo to Aku wa Tekitai shite Ita. 20 (21) ✓
Kawaii Joushi wo Komarasetai,,Manga,Reading,,,41,,,,,release_frequency=~40,253.Kawaii Joushi wo Komarasetai 41 ~40
"Keep a Low Profile, Sect Leader",,Manga,Reading,,,21,,,,,,"460. Keep a Low Profile, Sect Leader 21"
Kenja ga Nakama ni Natta,,Manga,Reading,,,29,,,,,,485. Kenja ga Nakama ni Natta 29
Keyboard Immortal,,Novel,Reading,,,448,,8,2,,,1.60. Keyboard Immortal 448 💯 ⭐ ⭐
Kidnapped Dragons Special,,Novel,Completed,,454,454,,9,,,,1.105. Kidnapped Dragons Special 9 (454) ✓ 💯💯
Kill the Hero,,Manga,Reading,,,53,,,,,,348. Kill the Hero 53
King Killer Reborn,,Manga,Reading,,,83,,,,,,325. King Killer Reborn 83
King Of Apocalypse,,Manga,Reading,,,239,,,,,,294. King Of Apocalypse 239
"Kiss De Fusaide, Bare Naide.",,Manga,Reading,,,10,,,,,,"389. Kiss De Fusaide, Bare Naide. 10"
Kiss x Death,,Manga,Reading,,,82,72.5,,,,release_frequency=~33,176.Kiss x Death 72.5 (82) ~33
Koko Ga Uwasa no El Palacio,,Manga,Completed,,53,53,,,,,,266.Koko Ga Uwasa no El Palacio 53 ✓
Konjiki no Word Master: Yuusha Yonin ni,,Manga,Reading,,,40,,,,,,46.Konjiki no Word Master: Yuusha Yonin ni 40
"Kou 2ni Time Leaped Shita Ore ga, Touji suki Datta Sensei ni Kokutta Kekka",,Manga,Reading,,,10,,,,,,"208.Kou 2ni Time Leaped Shita Ore ga, Touji suki Datta Sensei ni Kokutta Kekka 10 ~?"
Kou-1 desu ga Isekai de Joushu Hajimemashita,,Manga,Reading,,,30,,,,,release_frequency=~51,173.Kou-1 desu ga Isekai de Joushu Hajimemashita 30 ~51
Kuchi ga Saketemo Kimi ni wa,,Manga,Reading,,,23,r2020,,,,r2020,398. Kuchi ga Saketemo Kimi ni wa (r2020) 23
Kuro no Shoukanshi,,Manga,Reading,,,33,,,,,release_frequency=~16,260.Kuro no Shoukanshi 33 ~16
"Kurogyaru x Iketori - Iku, Mou, Icchau kara... tsu!",,Manhwa,Completed,h-manhwa,9,9,,,,,,"1.1.32 Kurogyaru x Iketori - Iku, Mou, Icchau kara... tsu! 9 ✓"
Kusanagi-sensei Is Being Tested,,Manga,Reading,,,103,,,,,release_frequency=~11,184.Kusanagi-sensei Is Being Tested 103 ~11
"Kuzumi-kun, Can't You Read the Room?",,Manga,Reading,,,57,48,,,,,"41.Kuzumi-kun, Can't You Read the Room? 48 (57)"
Kyoudai hodo Chikaku Tooimono wa Nai,,Manga,Reading,,,61,,,,,release_frequency=~7,159.Kyoudai hodo Chikaku Tooimono wa Nai 61 ~7
Lang Huan Library,,Manga,Reading,,,56,57,,,,release_frequency=~5,259.Lang Huan Library 56 (57) ~5
Learning the Hard Way,,Manhwa,Reading,h-manhwa,,82,,,,,,1.1.40 Learning the Hard Way 82
Legend of the Asura,,Novel,Completed,,,742,,,,,,1.50. Legend of the Asura 742 ✓
Legend of the Great Sage,,Novel,Reading,,,1528,,,,,,1.87. Legend of the Great Sage 1528
Legend of the Tyrant Empress,,Manga,Reading,,,89,,,1,,,459. Legend of the Tyrant Empress 89 ⭐
Legend: The Beginning,,Manga,Reading,,,45,,,,,,241.Legend: The Beginning 45  ~?
Let's play (Mongie),,Manga,Reading,,,73,69,,,,,23.Let's play (Mongie) 69 (73)
Library of Heaven's Path,,Manga,Reading,,,125,,,,,,493. Library of Heaven's Path 125
Life Howling,,Manga,Reading,,,57,,,,,,56.Life Howling 57
Life Of A War Emperor After Retirement,,Manga,Reading,,,63,,,2,,,369. Life Of A War Emperor After Retirement 63 ⭐⭐
Life Simulation: I Caused the Female Sword Immortal to Regret Forever,,Novel,Reading,,,279,,,,,,1.206. Life Simulation: I Caused the Female Sword Immortal to Regret Forever 279
List of Villains,,Manga,Reading,,,61,,,,,,335. List of Villains 61
Live Stream Kidnapping of a Female Celebrity,,Novel,Reading,,,188,,,,,,1.212. Live Stream Kidnapping of a Female Celebrity 188
Live together,,Manhwa,Reading,h-manhwa,,30,,,,,,1.1.65 Live together 30
Living with a MILF,,Manhwa,Reading,h-manhwa,,43,,,,,,1.1.60 Living with a MILF 43
Log in to Lust-a-Land,,Manhwa,Completed,h-manhwa,82,82,,9,,,,1.1.41 Log in to Lust-a-Land 82 ✓ 💯💯
Lord Of Mysteries,,Novel,Completed,,,1432,,8,1,,,1.179. Lord Of Mysteries 1432 ✓ 💯 ⭐
Love Letter from The Future,,Novel,Reading,,,93,,,,,,1.149. Love Letter from The Future 93
Love Options Pop Up Above Junior Sister’s Head,,Novel,Reading,,,140,,,1,,,1.216. Love Options Pop Up Above Junior Sister’s Head 140 ⭐
Love Theory,,Manga,Completed,,44,44,,,,,,82.Love Theory 43 (44) ✓
Love-X,,Manga,Reading,,,40,,,1,,,280.Love-X 40 ~? 🌟
Lovely Bokhee-ssi,,Manga,Completed,,76,76,,8,,,,195.Lovely Bokhee-ssi 75 (76) ✓ 💯
Lust Geass,,Manga,Reading,,,38,,,,,,477. Lust Geass 38
Magic Marriage,,Manga,Reading,,,25,13.3,,,,release_frequency=~23,151.Magic Marriage 13.3 (25) ~23
Magician From The Future,,Manga,Reading,,,77,,,,,,303. Magician From The Future 77
Magika Swordsman and Summoner,,Manga,Reading,,,50,,,,,,121.Magika Swordsman and Summoner 50
Makikomareta Unique Cheat,,Manga,Reading,,,47,49,,,,,277.Makikomareta Unique Cheat 47 (49)
Man of the House,,Novel,Reading,,,46,,,,,dziwnie się czyta przez zmianę podejść stron,1.76. Man of the House 46 (dziwnie się czyta przez zmianę podejść stron)
"Man Up,Girl!",,Manhwa,Reading,h-manhwa,,17,,,,,????????,"1.1.10 Man Up,Girl! 17 (????????)"
Manager Kim,,Manga,Reading,,,18,,,,,,508. Manager Kim 18
Maou Gakuen no Hangyakusha,,Manga,Reading,,,16,,,,,,417.  Maou Gakuen no Hangyakusha 16
Maou Gakuin no Futekigousha,,Manga,Reading,,,10,,,,,release_frequency=~22,247.Maou Gakuin no Futekigousha 10 ~22
"Maou no Ore ga Dorei Elf wo Yome ni Shita n daga, Dou Medereba Ii?",,Manga,Reading,,,38,,,2,,release_frequency=~36,"258.Maou no Ore ga Dorei Elf wo Yome ni Shita n daga, Dou Medereba Ii? 38 ~36 🌟 🌟"
Maou-sama no Machizukuri! ~Saikyou no Dungeon wa Kindai Toshi,,Manga,Reading,,,34,,,,,,408. Maou-sama no Machizukuri! ~Saikyou no Dungeon wa Kindai Toshi 34
Martial God's space,,Manga,Reading,,,35,,,,,,32.Martial God's space 35
Martial Legacy,,Manga,Reading,,,109,,,,,,25.Martial Legacy 109
Master of Legendary Realms,,Manga,Reading,,,105,,,1,,,267.Master of Legendary Realms 105 ~? 🌟
Max Level Returner,,Manga,Reading,,,20,,,,,,293. Max Level Returner 20
Mayabi,,Manga,Reading,,,25,,,,,,34.Mayabi 25
Mechanical God Emperor,,Novel,Reading,,,524,,,,,,1.44.Mechanical God Emperor 524
Meido no Koi wa Enma Shidai!,,Manga,Reading,,,16,18,,,,release_frequency=~53,254.Meido no Koi wa Enma Shidai! 16 (18) ~53
Melo Holic,,Manga,Completed,,75,75,,,,,,157.Melo Holic 73 (75) ✓
Memoirs of the Returnee,,Novel,Reading,,,345,,,1,,,1.171. Memoirs of the Returnee 345 ⭐
Memorize,,Manga,Reading,,,46,,8,1,,,295. Memorize 46 ⭐ 💯
Meng Shi Zai Cang,,Manga,Reading,,,221,,,1,,,320. Meng Shi Zai Cang 221 ⭐
Mercenary Enrollment,,Manga,Reading,,,60,,8,1,,,290. Mercenary Enrollment 60 ⭐  💯
Metropolitan Reverence,,Manga,Reading,,,98,,,,,,394. Metropolitan Reverence 98
Metropolitan System,,Manga,Reading,,,88,,,2,,release_frequency=~5,224.Metropolitan System 88 ~5 🌟 🌟
Miss Komi is Bad at Communication,,Manga,Reading,,,192,,,,,,5.Miss Komi is Bad at Communication 192
"Mo,don't run!",,Manga,Reading,,,10,,,1,,,"269.Mo,don't run! 10 ~? 🌟"
Mode II,,Manga,Completed,,71,71,,,1,,chyba skonczone,193.Mode II 71 ✓? 🌟
Monku no Tsukeyou ga Jak Love Comedy,,Manga,Reading,,,42,36,,,,,223.Monku no Tsukeyou ga Jak Love Comedy 36 (42) ~?
Moon's Labirynth,,Novel,Reading,,,291,,,,,,1.58. Moon's Labirynth 291
Moshi fanren,,Manga,Reading,,,123,,,,,release_frequency=~2,2.Moshi fanren 123 ~2
"Mr Devourer, Please Act Like a Final Boss",,Novel,Reading,,,33,,,,,,"1.164. Mr Devourer, Please Act Like a Final Boss 33"
Mr.Kang,,Manga,Reading,,,43,,,2,,,239.Mr.Kang 43 ~? 🌟 🌟
Mushoku Tensei: Jobless Reincarnation,,Manga,Reading,,,59,53,,,,release_frequency=~27,111.Mushoku Tensei: Jobless Reincarnation 53 (59) ~27
My 7Wives Are Forcing Me To Die,,Manga,Reading,,,9,,,,,,378. My 7Wives Are Forcing Me To Die 9
My Abandoned Disciples Came To Me,,Novel,Reading,,,88,,,,,,1.152. My Abandoned Disciples Came To Me 88
My Apprentice is A Pig,,Manga,Reading,,,35,,,,,,272.My Apprentice is A Pig 35 ~?
My Apprentice: Game over Again!,,Manga,Reading,,,23,,,1,,,273.My Apprentice: Game over Again! 23 ~? 🌟
My Apprentices are All Female Devils,,Manga,Reading,,,30,,,,,,471. My Apprentices are All Female Devils 30
My Beatiful Teacher,,Novel,Completed,,,2014,,9,,,,1.35.My Beatiful Teacher  2014 ✓ 💯 💯
My Boyfriend is Jinyiwei,,Manga,Reading,,,125,,,,,,26.My Boyfriend is Jinyiwei 125
My Brother Slipped Inside Me in The Bathtub,,Manhwa,Reading,h-manhwa,,24,,,,,,1.1.5 My Brother Slipped Inside Me in The Bathtub  24
My Cold and Beautiful CEO,,Novel,Reading,,,193,,,,,,1.33.My Cold and Beautiful CEO 193
My Cold and Elegant CEO Wife,,Novel,Reading,,,1263,,,,,,1.52. My Cold and Elegant CEO Wife 1263
My Dad Is Too Strong,,Manga,Reading,,,52,,,,,,330. My Dad Is Too Strong 52
"My Dad Married a Female CEO, and I Gained Four Older Sisters",,Novel,Reading,,,202,,,,,,"1.214. My Dad Married a Female CEO, and I Gained Four Older Sisters 202"
My Daily Cultivation Life with a Clumsy Female Disciple,,Novel,Reading,,,391,,,,,,1.211. My Daily Cultivation Life with a Clumsy Female Disciple 391
My Daughter is the Final Boss,,Novel,Reading,,,56,,,,,,1.159. My Daughter is the Final Boss 56
My Daughters are Regressors,,Novel,Reading,,,99,,,,,,1.168. My Daughters are Regressors 99
My Dear Vampire Lord,,Manga,Reading,,,30,,,,,,275.My Dear Vampire Lord 30 ~?
My Death Flags Show No Sign of Ending,,Manga,Reading,,,31,,,1,,,422. My Death Flags Show No Sign of Ending 31 ⭐
My Disciples Are All Villains,,Novel,Reading,,,1211,,,,,,1.121. My Disciples Are All Villains 1211
My Disciples are Super Gods,,Manga,Reading,,,79,,8,1,,,347. My Disciples are Super Gods 79 💯⭐
My Dungeon Life: Rise of the Slave Harem,,Novel,Reading,,,191,,,,,"naiwny bohater,więc przerwałem","1.75. My Dungeon Life: Rise of the Slave Harem 191 (naiwny bohater,więc przerwałem)"
My Entire Class Was Summoned to Another World except for Me,,Novel,Reading,,,167,166,,,,,1.6.My Entire Class Was Summoned to Another World except for Me 166 (167)
My Father In Law Is Lu Bu,,Novel,Reading,,,345,,,,,,1.55.My Father In Law Is Lu Bu 345
My Female Friend Who Crossed the Line,,Manhwa,Reading,h-manhwa,,32,,,,,,1.1.61 My Female Friend Who Crossed the Line 32
My Fierce Tigress Wife,,Novel,Unknown,,,234,,8,,,"chyba skonczone
chyba autor porzucil",1.98. My Fierce Tigress Wife 234  ✓❌? 💯
My Girlfriend From Turquoise Pond Requests My Help After My Millennium Seclusion,,Novel,Completed,,,564,,,,,,1.99. My Girlfriend From Turquoise Pond Requests My Help After My Millennium Seclusion 564 ✓
My Girlfriend is a Villain,,Manga,Reading,,,96,,,,,,305. My Girlfriend is a Villain 96
My Girlfriend is a zombie,,Novel,Reading,,,339,p1,,,,,1.8. My Girlfriend is a zombie 339 (p1)
My Girlfriend is a Zombie,,Manga,Reading,,,42,,,2,,,287.My Girlfriend is a Zombie 42 ~? 🌟 🌟
My Girlfriend is Long Aotian,,Manga,Reading,,,20,,,,,,442. My Girlfriend is Long Aotian 20
My Girlfriend is Really a Superstar,,Novel,Reading,,,23,,,,,,1.27. My Girlfriend is Really a Superstar 23
My Great Sword,,Manga,Reading,,,61,,,,,release_frequency=~2,101.My Great Sword 61 ~2
My High School Bully,,Manhwa,Reading,h-manhwa,,18,,,3,,,1.1.23 My High School Bully 18 ⭐ ⭐ ⭐
My Hollywood System,,Novel,Reading,,,118,,,,,,1.80. My Hollywood System 118
My House is a Magic Power Spot,,Manga,Reading,,,30,29,,1,,release_frequency=~11,134.My House is a Magic Power Spot 29 (30) ~11 🌟
My Husband Hides His Beauty,,Manga,Reading,,,29,,,,,,371. My Husband Hides His Beauty 29
My Japanese Sisters,,Manga,Reading,,,26,,,1,,release_frequency=~3,99.My Japanese Sisters 26 ~3 🌟
My Kingdom  (Silent War),,Manhwa,Completed,h-manhwa,161,161,,,,,,1.1.42  My Kingdom (Silent War) 160.5  (161) ✓
My Kingdom (Silent War),,Manhwa,Completed,h-manhwa,161,161,,,,,,1.1.42  My Kingdom (Silent War) 160.5  (161) ✓
My Landlady Noona,,Manhwa,Reading,h-manhwa,,59,,,,,,1.1.38 My Landlady Noona 59
My Little Monster,,Manga,Completed,,52,52,,,,,,90.My Little Monster 52 ✓
My Maid is a Demon,,Manga,Reading,,,77,,,,,,285.My Maid is a Demon 77 ~?
My Naughty Sweetheart,,Manga,Reading,,,52,,,1,,release_frequency=~8,200.My Naughty Sweetheart 52 ~8 🌟
My Room Has Become a Dungeon's Rest Area,,Manga,Reading,,,17,16,,,,,142.My Room Has Become a Dungeon's Rest Area 16 (17)
My secret brother,,Manga,Reading,,,188,,,,,,17.My secret brother 188
My Sister's Friend,,Manhwa,Reading,h-manhwa,,36,,8,1,,,1.1.45 My Sister's Friend 36 💯 ⭐
My Three Thousand Years To The Sky,,Manga,Reading,,,224,,,,,,467. My Three Thousand Years To The Sky 224
My Three Wives Are Beautiful Vampires,,Novel,Reading,,,611,,,2,,,1.113. My Three Wives Are Beautiful Vampires 611 ⭐⭐
My Wife is a Beautiful CEO,,Novel,Reading,,,837,,,,,release_frequency=~2,1.13.My Wife is a Beautiful CEO 837 ~2
My Wife is a Demon Queen,,Manga,Reading,,,274,,8,2,,release_frequency=~2,156.My Wife is a Demon Queen 274 ~2 🌟🌟💯
My Wife is a Fox Spirit,,Manga,Reading,,,12,,,,,,356. My Wife is a Fox Spirit 12
My Wife is A Sword God,,Novel,Reading,,,838,,,,,,1.173. My Wife is A Sword God 838
My Wife Is Actually the Empress?,,Manga,Reading,,,36,,,,,,336. My Wife Is Actually the Empress? 36
My Yandere Succubus Daughter is Mommy-Warrior's Natural Enemy,,Novel,Reading,,,400,v5c42,,,,,1.18.My Yandere Succubus Daughter is Mommy-Warrior's Natural Enemy (v5c42) 400
MZ,,Manga,Reading,,,23,,,,,,222.MZ 23 ~?
Märchen - The Embodiment of Tales,,Manga,Reading,,,107,,,,,,124.Märchen - The Embodiment of Tales 107
Nageki no Bourei wa Intai Shitai - Saijiyaku Hanta ni Yoru Saikiyou Patei Ikusei Jutsu,,Manga,Reading,,,24,,,,,,423. Nageki no Bourei wa Intai Shitai - Saijiyaku Hanta ni Yoru Saikiyou Patei Ikusei Jutsu 24
Naked Sword Art,,Novel,Reading,,,293,,,,,,1.40.Naked Sword Art 293
Nano Machine,,Manga,Reading,,,79,,,1,,,456. Nano Machine 79 ⭐
Necromancer Maid,,Manga,Reading,,,12,,,,,,355. Necromancer Maid  12
Necropolis Immortal,,Novel,Reading,,,1774,,,,,,1.109. Necropolis Immortal 1774
Negative Hero and the Demon Lord Army Leader,,Manga,Reading,,,18,,,1,,,334. Negative Hero and the Demon Lord Army Leader 18 ⭐
Never Die Extra,,Novel,Completed,,,500,,8,,,,1.74. Never Die Extra 500  ✓ 💯
New Life As An Ecchi Girl With A “Big Surprise”,,Novel,Reading,,,395,,,,,,1.79. New Life As An Ecchi Girl With A “Big Surprise” 395
Nidome no Jinsei wo Isekai de,,Manga,Reading,,,43,32,,,,release_frequency=~25,112.Nidome no Jinsei wo Isekai de 32 (43) ~25
Nidome no Yuusha,,Manga,Reading,,,8,,,,,release_frequency=~60,153.Nidome no Yuusha 8 ~60
Ninja Girls,,Manga,Completed,,43,43,,,,,"chyba skonczone
nie wiadomo co dalej z manga",264.Ninja Girls 43 ✓? (nie wiadomo co dalej z manga)
Ninja Shinobu-chan no Junjou,,Manga,Completed,,,30,,,,,,58.Ninja Shinobu-chan no Junjou 30 ✓
Nonbiri VRMMOki,,Manga,Reading,,,32,,,,,,33.Nonbiri VRMMOki 32
Oh! Holy,,Manga,Completed,,141,141,,,,,,206.Oh! Holy 141 ✓
Omaera Zenin Mendokusai!,,Manga,Reading,,,50,45,,,,release_frequency=~30,145.Omaera Zenin Mendokusai! 45 (50) ~30
Omniscient First-Person's Viewpoint,,Novel,Reading,,,75,,,,,nie mylić z viewers,1.150. Omniscient First-Person's Viewpoint 75 (nie mylić z viewers)
Omniscient Reader’s Viewpoint,,Manga,Reading,,,69,,8,1,,,373. Omniscient Reader’s Viewpoint  69 💯 ⭐
"On the Way Home I Got a Bride and Twin Daughters, Who Were Dragons",,Novel,Reading,,,48,,,,,,"1.10.On the Way Home I Got a Bride and Twin Daughters, Who Were Dragons 48"
"On The Way Home, I Got A Bride And Twin Daughters, But They Were Dragons",,Manga,Reading,,,7,6,,1,,release_frequency=~34,"83.On The Way Home, I Got A Bride And Twin Daughters, But They Were Dragons 6 (7) ~34 🌟"
One Step Toward Freedom,,Manga,Reading,,,42,,,,,,476. One Step Toward Freedom 42
Ore wo Suki Nano wa Omae Dake ka yo,,Manga,Reading,,,22,19,,,,,141.Ore wo Suki Nano wa Omae Dake ka yo 19 (22)
Orenchi ni Kita Onna Kishi to: Inakagurashi suru Koto ni Natta Ken,,Manga,Reading,,,28,26,,,,release_frequency=~18,149.Orenchi ni Kita Onna Kishi to: Inakagurashi suru Koto ni Natta Ken 26 (28) ~18
"Oroka na Tenshi wa Akuma to Odoru 22 ,",,Manga,Reading,,,24,,,2,,release_frequency=~26,"132.Oroka na Tenshi wa Akuma to Odoru 22 (24) ~26, 🌟 🌟"
Osananajimi ni najimitai,,Manga,Reading,,,39,17,,,,release_frequency=~36,160.Osananajimi ni najimitai 17 (39) ~36
Otherworldy evil monarch,,Novel,Reading,,,1043,,,,,,1.16.Otherworldy evil monarch 1043
Our Relationship Is...,,Manga,Completed,,,118,,8,,,,78.Our Relationship Is... 118 ✓ 💯
"Pajama Onagokai, Sounyuuchuu!? ~ Mei ni Yokujou Nanka Shinaitte Itteta Kuse ni... tsu!",,Manhwa,Reading,h-manhwa,,13,,,,,no ntr,"1.1.26 Pajama Onagokai, Sounyuuchuu!? ~ Mei ni Yokujou Nanka Shinaitte Itteta Kuse ni... tsu! 13(no ntr)"
Parallel Paradise,,Manga,Reading,,,83,80,,,,release_frequency=~10,117.Parallel Paradise 80 (83) ~10
Parasite (Gu) Breeding Longveity Path: Starting from the love-enamored Gu,,Novel,Reading,,,1360,ch464p4,,,,,1.197. Parasite (Gu) Breeding Longveity Path: Starting from the love-enamored Gu 1360 (ch464p4)
Pashiri na Boku to Koi suru Banchou-san,,Manga,Completed,,77,77,,,,,,107.Pashiri na Boku to Koi suru Banchou-san 77 ✓
Path of the Shaman,,Manga,Reading,,,40,,,1,,,329. Path of the Shaman 40 ⭐
Peerless Genius System,,Novel,Completed,,,859,,,,,,1.61. Peerless Genius System 859 ✓
Perfect Mine,,Manga,Reading,,,10,,,,,,365. Perfect Mine 10
Peter Grill to Kenja no Jikan,,Manga,Reading,,,17,,,,,release_frequency=~38,163.Peter Grill to Kenja no Jikan 17 ~38
Phase /NSFW,,Manga,Reading,,,42,36,,,,,55.Phase /NSFW 36 (42)
Pheromone Holic,,Manhwa,Completed,h-manhwa,53,53,,8,,,,1.1.8 Pheromone Holic 53 ✓ 💯
Picked Up A Little Fox,,Manga,Reading,,,28,27,,1,,release_frequency=~7,201.Picked Up A Little Fox 28 (27) ~7 🌟
picking up a shool beauty to be wife,,Manga,Reading,,,98,,,,,,385. picking up a shool beauty to be wife 98
Player Who Can't Level Up,,Manga,Reading,,,26,,,,,,472. Player Who Can't Level Up 26
"Please don't bully me, Nagatoro",,Manga,Reading,,,56,36,,1,,release_frequency=~10,"72.Please don't bully me, Nagatoro 36 (56)  🌟 ~10"
"Please Go Home, Akutsu-San!",,Manga,Reading,,,83,,,,,,"376. Please Go Home, Akutsu-San! 83"
Please i really didn't want to fall in love with my master,,Novel,Reading,,,139,,,,,,1.89. Please i really didn't want to fall in love with my master 139
Please Take My Brother Away!,,Manga,Reading,,,42,40.5,,,,release_frequency=~11,188.Please Take My Brother Away! 40.5 (42) ~11
"Please, Don't Livestream It!",,Manga,Reading,,,21,,,,,,"395. Please, Don't Livestream It! 21"
Plunderer,,Manga,Reading,,,48,,,,,release_frequency=~30,186.Plunderer 48 ~30
Post-apocalyptic Dispatch Company,,Manga,Reading,,,40,,,,,,431. Post-apocalyptic Dispatch Company 40
Premarital Relationship,,Manga,Reading,,,60,,,,,,93.Premarital Relationship 60 ~?
Priceless Baby's Sugar Daddy,,Novel,Reading,,,400,,,,,,1.20. Priceless Baby's Sugar Daddy  400
Pride Complex,,Manga,Completed,,55,55,,4,,,gówniane zakonczenie,202.Pride Complex 30 (55) ✓ 💩(zakonczenie)
Prison School,,Manga,Completed,,278,278,,8,,,,214.Prison School  277.5 (278) ✓ 💯
Private Tutoring in These Trying Times,,Manhwa,Reading,h-manhwa,,30,,,,,,1.1.48 Private Tutoring in These Trying Times 30
Profane Prince of Domination,,Novel,Reading,,,511,,,,,,1.41. Profane Prince of Domination 511
"Professor President,Come On",,Manga,Reading,,,25,,,,,,"270.Professor President,Come On 25 ~?"
Promised Orchid,,Manga,Reading,,,88,,8,1,,,322. Promised Orchid 88 💯 ⭐
Pseudo Resident's Illegal Stay In Another World,,Novel,Reading,,,75,,,,,,1.128. Pseudo Resident's Illegal Stay In Another World 75
Psycho Revenge,,Manga,Reading,,,29,,,1,,,393. Psycho Revenge 29 ⭐
Pulseless Girlfriend,,Manga,Reading,,,8,,,,,,209.Pulseless Girlfriend 8 ~?
Punishments for Bad Girls,,Manhwa,Reading,h-manhwa,,30,,,,,,1.1.64 Punishments for Bad Girls 30
Pure Love X Insult,,Novel,Reading,,,97,,,,,not more than 100at time,1.54.Pure Love X Insult 97 (not more than 100at time)
Que Sera Sera,,Manga,Completed,,72,72,,,,,,36.Que Sera Sera 70 (72) ✓
Rain (Megumi Sumikawa),,Manga,Reading,,,89,,,1,,Megumi Sumikawa,185.Rain (Megumi Sumikawa) 89 ~? 🌟
Raisekamika,,Manga,Reading,,,37,26,,1,,release_frequency=~13,108.Raisekamika 26 (37) ~13 🌟
Real Account,,Manga,Reading,,,76,88,,,,release_frequency=~22,180.Real Account 76 (88) ~22
Real Man,,Manga,Reading,,,59,,,,,,511. Real Man 59
Rebirth of the Eternal Cultivator,,Manga,Reading,,,60,,,,,,300. Rebirth of the Eternal Cultivator 60
Rebirth of the Nameless Immortal God,,Novel,Reading,,,1008,,,,,,1.117. Rebirth of the Nameless Immortal God 1008
Rebirth of the Top Villain,,Manga,Reading,,,10,,,,,,481. Rebirth of the Top Villain 10
Red Packet Server,,Novel,Reading,,,1006,,4,,,triggering,1.45.Red Packet Server 1006 💩 (triggering)
Red spirit,,Manga,Reading,,,78,,,,,,8.Red spirit 78
Regressor Instruction Manual,,Novel,Reading,,,567,,,,,bohater zaczyna wkurwiac,1.66. Regressor Instruction Manual 567 (bohater zaczyna wkurwiac)
Reincarnation Cycle,,Manga,Reading,,,137,,8,1,,,315. Reincarnation Cycle 137 💯 ⭐
Reincarnation–The Divine Doctor and Stay-at-home Dad,,Novel,Reading,,,614,,,,,,1.53.Reincarnation–The Divine Doctor and Stay-at-home Dad 614
Relase That Witch,,Manga,Reading,,,65,,,2,,release_frequency=~3,225.Relase That Witch 65 ~3 🌟 🌟
Renegade immortal,,Manga,Reading,,,93,,,,,,13.Renegade immortal 93
Reporting For Duty Ma'am,,Manhwa,Reading,h-manhwa,,15,,8,2,,,1.1.34 Reporting For Duty Ma'am 15 💯⭐⭐
Return of Immortal Emperor,,Manga,Reading,,,98,,,,,,492. Return of Immortal Emperor 98
Return of the 8th Class Magician,,Manga,Reading,,,31,,,,,,400. Return of the 8th Class Magician 31
Return of The Bachelor,,Manga,Reading,,,59,,,,,,437. Return of The Bachelor 59
Return of the Disaster class hero,,Manga,Reading,,,26,,,,,,506. Return of the Disaster class hero 26
Return Survival,,Manga,Reading,,,33,,,,,,292. Return Survival 33
Returnee’s Life Report,,Novel,Reading,,,96,,,,,,1.86. Returnee’s Life Report 96
Returning Girlfriend,,Manhwa,Completed,h-manhwa,25,25,,3,,,"ntr,po prostu gowno z rushowanym endingiem. Nie oplacalne czytac","1.1.36 Returning Girlfriend 25 ✓ 💩💩 (ntr,po prostu gowno z rushowanym endingiem. Nie oplacalne czytac)"
Revenge of the Iron-blooded Sword Hound,,Novel,Reading,,,299,,,,,,1.163. Revenge of the Iron-blooded Sword Hound 299
Reverse Villain,,Manga,Reading,,,50,,8,1,,zgubilem  chapter na ktorym bylem,312. Reverse Villain  💯⭐
Revival man,,Manga,Reading,,,73,,,1,,,10.Revival man 73 🌟
Rikei ga Koi ni Ochita no de Shoumei shitemita,,Manga,Reading,,,20,16,,2,,,144. Rikei ga Koi ni Ochita no de Shoumei shitemita 16 (20) 🌟 🌟
Rise of The Demon God,,Novel,Completed,,,1587,,,1,,,1.187. Rise of The Demon God 1587 ✓ ⭐
Rise of the Demon King,,Manga,Reading,,,184,,,1,,,350. Rise of the Demon King 184 ⭐
Rodiura Kurashi,,Manga,Reading,,,20,15.9,,,,,126.Rodiura Kurashi 15.9 (20)
Rosario To Vampire,,Manga,Reading,,,41,40.5,,,,,507. Rosario To Vampire 40.5 (41)
Rosario to Vampire II,,Manga,Reading,,,67,,,,,,509. Rosario to Vampire II 67
Rules for Peddling in Another World,,Manga,Reading,,,69,,,,,,402. Rules for Peddling in Another World 69
Saenai Riman to Yankee Joshi Kousei,,Manga,Reading,,,21,,,,,,424. Saenai Riman to Yankee Joshi Kousei 21
School Flower Master,,Manga,Reading,,,55,,,,,,341. School Flower Master 55
School Shock,,Manga,Reading,,,71,27.1,,,,,261.School Shock 27.1 (71) ~?
Scum and Glasses and Literature Girl (Fake),,Manga,Reading,,,197,194,,,,release_frequency=~8,81.Scum and Glasses and Literature Girl (Fake) 194 (197) ~8
Second Life of a Gangster,,Manga,Reading,,,30,,,,,,332. Second Life of a Gangster 30
Secret Class,,Manhwa,Reading,h-manhwa,,73,,,2,,no ntr,1.1.16 Secret Class 73 ⭐🌟 (no ntr)
Seeking the Dao in the Seemingly Mundane Mortal World,,Novel,Reading,,,60,,,,,,1.103. Seeking the Dao in the Seemingly Mundane Mortal World 60
Sekkaku Cheat wo Moratte Isekai ni Teni,,Manga,Reading,,,10,,,,,,140.Sekkaku Cheat wo Moratte Isekai ni Teni  10
Senryu Girl,,Manga,Reading,,,97,94,,,,,27.Senryu Girl 94 (97)
Sex and Dungeon,,Manga,Reading,,,23,,,,,,499. Sex and Dungeon 23
Sex exercise,,Manhwa,Reading,h-manhwa,,77,,8,,,,1.1.50 Sex exercise 77 💯
Shadow Monarch: Heroines Could Hear My Thoughts?!,,Novel,Reading,,,192,,,,,,1.134. Shadow Monarch: Heroines Could Hear My Thoughts?! 192
Shadow Slave,,Novel,Reading,,,1669,,,,,,1.182. Shadow Slave 1669
She is working out,,Manhwa,Reading,h-manhwa,,20,,,,,,1.1.66 She is working out 20
Shingan no Yuusha,,Manga,Reading,,,21,20,,,,release_frequency=~31,137.Shingan no Yuusha 20 (21) ~31
Shinju no Nectar,,Manga,Reading,,,31,30.5,,,,release_frequency=~30,162.Shinju no Nectar 30.5 (31) ~30
Shinjuku DxD,,Manga,Reading,,,41,,,,,chyba autor porzucil,
Shishunki no Iron Maiden,,Manga,Completed,,41,41,,,,,,177.Shishunki no Iron Maiden 41 ✓
Shoujo Grand Summoning,,Novel,Reading,,,938,,8,1,,,1.56. Shoujo Grand Summoning 938 💯⭐
Should I Study at Noryangjin?,,Manhwa,Reading,h-manhwa,,56,,,,,,1.1.62 Should I Study at Noryangjin? 56
Shura's Wrath,,Novel,Completed,,,850,,9,,,,1.25.Shura's Wrath 850 ✓ 💯 💯
Siblings,,Manhwa,Reading,h-manhwa,,15,,4,,,ntr,1.1.27 Siblings 15 💩 (ntr)
Siscon Ani to Brocon Imouto ga Shoujiki ni Nattara,,Manga,Reading,,,67,30.1,,,,,52.Siscon Ani to Brocon Imouto ga Shoujiki ni Nattara 30.1 (67)
Skeleton Soldier Couldn't Protect the Dungeon,,Manga,Reading,,,66,,,1,,release_frequency=~6,171.Skeleton Soldier Couldn't Protect the Dungeon 66 ~6 🌟
Skill of Lure,,Manga,Completed,,45,45,,,,,,204.Skill of Lure 36 (45) ✓
Skill Unparalleled,,Manga,Reading,,,25,,,,,,268.Skill Unparalleled 25 ~?
Skirt Chasing Young Monarch: City Lady-Killer,,Novel,Reading,,,215,,,,,,1.29.Skirt Chasing Young Monarch: City Lady-Killer 215
Slave B,,Manga,Reading,,,48,,,,,,470. Slave B 48
Slow Life Frontier,,Manga,Reading,,,7,4,,,,release_frequency=~35,130.Slow Life Frontier 4 (7) ~35
"So Pure, So Flirtatious",,Manga,Reading,,,157,,,,,release_frequency=~7,"29.So Pure, So Flirtatious 157 ~7"
"So Pure,So Flirtatious",,Novel,Reading,,,1401,,,,,,"1.26.So Pure,So Flirtatious 1401"
"Sokushi Cheat ga Saikyou Sugite, Isekai no Yatsura ga Marude Aite niNaranai n desu ga, Instant Death",,Manga,Reading,,,12,,,,,release_frequency=~36,"136.Sokushi Cheat ga Saikyou Sugite, Isekai no Yatsura ga Marude Aite niNaranai n desu ga, Instant Death 12 ~36"
Solo leveling,,Manga,Reading,,,88,,8,3,,,4.Solo leveling 88 🌟🌟🌟 💯
Son of the Hero King,,Novel,Reading,,,417,383,,,,,1.115. Son of the Hero King  383 (417)
Son-In-Law Above Them All,,Manga,Reading,,,60,,,,,,374. Son-In-Law Above Them All 60
Song of the Cloud,,Manga,Completed,,67,67,,8,,,,207.Song of the Cloud 56 (67) ✓ 💯
Sono Bisque Doll wa Koi wo suru,,Manga,Reading,,,60,,,1,,release_frequency=~30,85.Sono Bisque Doll wa Koi wo suru 60 ~30 🌟
Soredemo Ayumu was Yosetekuro,,Manga,Reading,,,22,21,,,,release_frequency=~8,211.Soredemo Ayumu was Yosetekuro 21 (22) ~8
Special Martial Arts Extreme Hell Private High School,,Manga,Reading,,,73,69,,,,,218.Special Martial Arts Extreme Hell Private High School 69 (73) ~?
Spicy female Boss,,Manga,Completed,,80,80,,,,,,314. Spicy female Boss 80 ✓
Spirit Farmer,,Manga,Reading,,,49,,,,,,346. Spirit Farmer 49
Spirit sword sovereign,,Manga,Reading,,,84,,,,,,6.Spirit sword sovereign 84
Springtime for Blossom,,Manga,Reading,,,13,,,1,,release_frequency=~7,237.Springtime for Blossom 13 ~7 🌟
Spy X Family,,Manga,Reading,,,57,,,,,,502. Spy X Family 57
Sss-class Suicide Hunter,,Manga,Reading,,,57,,8,1,,,488. Sss-class Suicide Hunter 57 ⭐💯
SSS-Class Suicide Hunter,,Novel,Reading,,,172,,10,,,,1.67. SSS-Class Suicide Hunter 172 💯 💯 💯
"Star Instructor, Master Baek",,Manga,Reading,,,99,,,,,,"520. Star Instructor, Master Baek 99"
"Start a Ship, Pick up Corpses and Be the Queen of the Dead",,Novel,Reading,,,231,,,,,zaczęli losowo zdania dawać,"1.107. Start a Ship, Pick up Corpses and Be the Queen of the Dead 231 (zaczęli losowo zdania dawać)"
Starting From Today I'll Work As A City Lord,,Manga,Reading,,,298,,8,,,,363. Starting From Today I'll Work As A City Lord 298 💯
Stepmother's friends,,Manhwa,Reading,h-manhwa,,61,,8,2,,no ntr atm,1.1.14 Stepmother's friends 61 💯 🌟⭐ (no ntr atm)
"Stop Hypnotizing Me, Villainous Princess!",,Novel,Reading,,,328,211,,,,,"1.196. Stop Hypnotizing Me, Villainous Princess! 328 (211)"
Story of thorny spear,,Manga,Reading,,,49,,8,2,,,449. Story of thorny spear 49 💯 ⭐ ⭐
Strategic Lovers,,Manga,Reading,,,8,,,,,,429.  Strategic Lovers 8
Strongest Abandoned Son,,Manga,Reading,,,86,,,,,,478. Strongest Abandoned Son 86
Strongest Worker,,Manga,Reading,,,166,,,,,,317. Strongest Worker 166
Study Group,,Manga,Reading,,,104,,8,,,,321. Study Group 104 💯
Such a Cute Spy,,Manga,Completed,,40,40,,,,,,231.Such a Cute Spy 40 ✓
Suki x Suki,,Manga,Reading,,,25,23.5,,,,,43.Suki x Suki 23.5 (25)
Summer Time Render,,Manga,Reading,,,71,,,1,,,76.Summer Time Render 71 🌟
Super Soldier,,Novel,Reading,,,110,,,,,release_frequency=~1,1.11.Super Soldier 110 ~1
Survival Story Of A Sword King In A Fantasy World,,Manga,Reading,,,103,,,1,,,370. Survival Story Of A Sword King In A Fantasy World 103 ⭐
Surviving as a Mage in a Magic Academy,,Novel,Reading,,,217,,,,,,1.178. Surviving as a Mage in a Magic Academy 217
Surviving in Woman's world as a novel villain,,Novel,Reading,,,110,,,,,,1.136. Surviving in Woman's world as a novel villain 110
Swallowed Star,,Manga,Reading,,,120,,,,,,500. Swallowed Star 120
Sweet X Trouble,,Manga,Completed,,41,41,,,,,,103.Sweet X Trouble 41 ✓
Sweetheart : The Boss Is Too Kind!,,Manga,Reading,,,30,V5,,1,,,274.Sweetheart V5: The Boss Is Too Kind! 30 ~? 🌟
Sword God’s Life Is Not That Boring,,Manga,Reading,,,20,,,,,,425. Sword God’s Life Is Not That Boring 20
System vs Rebirth,,Novel,Reading,,,473,,,,,,1.114. System vs Rebirth 473
Taisho Otome Otogibanashi,,Manga,Completed,,43,43,,8,,,,227.Taisho Otome Otogibanashi 38.2 (43) ✓ 💯
Takane & Hana,,Manga,Reading,,,53,49,,,,,226.Takane & Hana 49 (53) ~?
Takarakuji de 40-oku Atattandakedo Isekai ni Ijuu Suru,,Manga,Reading,,,25,21,,,,,44.Takarakuji de 40-oku Atattandakedo Isekai ni Ijuu Suru 21 (25)
Taking The Mafia To The Magic World,,Novel,Reading,,,900,,,,,,1.185. Taking The Mafia To The Magic World 900
Tales of eun aran,,Manga,Reading,,,85,,,1,,,22.Tales of eun aran 85 🌟
Tales of Wedding Rings,,Manga,Reading,,,49,46.5,,,,release_frequency=~43,116.Tales of Wedding Rings 46.5 (49) ~43
Taming a Maid,,Manhwa,Completed,h-manhwa,44,44,,3,,,ntr z wyboru,1.1.3Taming a Maid  44 ✓💩💩 (ntr z wyboru)
Taming Master,,Manga,Reading,,,60,,,1,,,455. Taming Master 60 ⭐
Taming The Villainesses,,Novel,Reading,,,264,132.2,,,,,1.144. Taming The Villainesses 132.2 (264)
Tanaka The Wizard,,Manga,Completed,,,22,,,,,chyba skonczone,138.Tanaka The Wizard 22 ✓?
Teach Me How To Please You,,Manhwa,Completed,h-manhwa,25,25,,,,,"hard to tell if counts as ntr,but let's say ntr","1.1.28 Teach Me How To Please You 25 ✓ (hard to tell if counts as ntr,but let's say ntr)"
Teach the Devil Husband,,Manga,Reading,,,41,,,,,release_frequency=~9,255.Teach the Devil Husband 41 ~9
Temple of the Dragon King,,Manga,Reading,,,65,,,,,,297. Temple of the Dragon King 65
Ten Thousand Paths to Becoming a God,,Manga,Reading,,,19,,,,,release_frequency=~8,104.Ten Thousand Paths to Becoming a God 19 ~8
Terror man,,Manga,Completed,,,209,,10,2,,idk,3.Terror man 209  ✓ (idk) 🌟🌟💯 💯💯
That Girl Is Cute... But Dangerous?,,Manga,Reading,,,7,,,,,,419. That Girl Is Cute... But Dangerous? 7
That Girl Is Not Just Cute,,Manga,Reading,,,26,24,,,,release_frequency=~8,210.That Girl Is Not Just Cute 24 (26) ~8
The Academy's Weapon Replicator,,Novel,Reading,,,326,,,,,,1.186. The Academy's Weapon Replicator 326
The Academy’s Weakest Became A Demon-Limited Hunter,,Novel,Reading,,,284,,,,,,1.194. The Academy’s Weakest Became A Demon-Limited Hunter 284
The All-Devouring Whale,,Manga,Reading,,,73,,,,,,386. The All-Devouring Whale 73
The Apothecary Is Gonna Make This Ragged Elf Happy,,Manga,Reading,,,37,,,,,,510. The Apothecary Is Gonna Make This Ragged Elf Happy 37
The Beginning After The End,,Manga,Reading,,,92,,,2,,,289.The Beginning After The End 92 🌟 🌟
The Book Eating Magician,,Manga,Reading,,,39,,,,,,501. The Book Eating Magician 39
The Book of Lagier,,Manga,Reading,,,30,,,,,,451. The Book of Lagier 30
The Bored Immortal,,Novel,Reading,,,537,,,1,,,1.130. The Bored Immortal 537 ⭐
The Boy in the All-Girls School,,Manga,Reading,,,177,,,,,release_frequency=~2,98.The Boy in the All-Girls School 177 ~2
The Boy of Death,,Manga,Reading,,,50,,,,,,486. The Boy of Death 50
The Cannon Fodder Turns His Sister Into A Soaring Phoenix,,Novel,Completed,,,568,,8,,,,1.200. The Cannon Fodder Turns His Sister Into A Soaring Phoenix 568 ✓ 💯
The Constellation That Returned From Hell,,Manga,Reading,,,20,,,,,,345. The Constellation That Returned From Hell 20
"The Cursed Sword Master’s Harem Life: By the Sword, For the Sword, Cursed Sword Master",,Manga,Reading,,,16,15.5,,,,,"412. The Cursed Sword Master’s Harem Life: By the Sword, For the Sword, Cursed Sword Master 15.5 (16)"
The Damned Demon,,Novel,Reading,,,196,,,,,,1.131. The Damned Demon 196
The Demon King Who Lost His Job,,Manga,Reading,,,306,,,2,,,331. The Demon King Who Lost His Job 306 ⭐⭐
The Demon Leader Quickly Lie Down,,Manga,Completed,,,38,,,,,chyba skonczone,38.The Demon Leader Quickly Lie Down 38 ✓?
The Demon Prince Goes To The Academy,,Novel,Reading,,,703,,8,,,,1.183. The Demon Prince Goes To The Academy 703 💯
The Descent of the Demonic Master,,Manga,Reading,,,140,,,2,,,457. The Descent of the Demonic Master 140  ⭐ ⭐
The Desire To Kill,,Manhwa,Reading,h-manhwa,,32,,,1,,,1.1.25 The Desire To Kill 32 Star 🌟
The Devil Does Not Need to Be Defeated,,Novel,Completed,,,1039,,,,,,1.102. The Devil Does Not Need to Be Defeated 1039 ✓
The Duke of Death and his Black Maid,,Manga,Reading,,,91,79,,1,,,51.The Duke of Death and his Black Maid 79 (91) 🌟
The Dungeon Master,,Manga,Reading,,,84,,,,,,366. The Dungeon Master 84
The Empress's Gigolo,,Novel,Reading,,,950,,10,,,,1.43. The Empress's Gigolo 950 💯 💯 💯
The Fiancées Live Together,,Manga,Completed,,73,73,,,,,chyba skonczone,95.The Fiancées Live Together 72.5 (73) ✓?
The First Ancestor in History,,Manga,Reading,,,65,,,,,,464. The First Ancestor in History 65
The first Son-In-Law Vanguard of All Time,,Manga,Reading,,,166,,,,,,461. The first Son-In-Law Vanguard of All Time 166
"The Former Hero was Called as a Failure and Expelled From His Home, Decided to Live on His Own",,Manga,Reading,,,7,5.1,,,,,"351. The Former Hero was Called as a Failure and Expelled From His Home, Decided to Live on His Own 5.1 (7)"
The Freed S*aves Became Obsessed,,Novel,Reading,,,123,,,,,,1.201. The Freed S*aves Became Obsessed 123
The Girl from Random Chatting,,Manga,Reading,,,89,,,1,,,233.The Girl from Random Chatting 89 ~? 🌟
The Girl That Wet the Wall,,Manhwa,Reading,h-manhwa,,10,,,,,,1.1.2The Girl That Wet the Wall 10
The Girls' Nest,,Manhwa,Reading,h-manhwa,,18,,,,,,1.1.18 The Girls' Nest 18
The Giving Girl,,Manhwa,Reading,h-manhwa,,40,,,,,,1.1.57 The Giving Girl 40
The God of Death,,Manga,Reading,,,69,,,,,,327. The God of Death 69
The Great Deity,,Manga,Reading,,,257,,,1,,,452. The Great Deity 257 ⭐
The Great Devil Emperor Development System,,Manga,Reading,,,86,,,,,,446. The Great Devil Emperor Development System 86
The Great Mage Returns After 4000years,,Manga,Reading,,,85,,,,,,328. The Great Mage Returns After 4000years 85
The Heavenly Demon Can’t Live a Normal Life,,Manga,Reading,,,18,,,,,,411. The Heavenly Demon Can’t Live a Normal Life 18
The Hero And The Demon King's Romcom,,Manga,Reading,,,34,,,,,,382. The Hero And The Demon King's Romcom 34
The Imbecile Lord Is Married to Five Beautiful Goddess,,Novel,Reading,,,544,,,,,,1.129. The Imbecile Lord Is Married to Five Beautiful Goddess 544
The Immortal Emperor,,Manga,Reading,,,75,,,,,,372. The Immortal Emperor 75
The Incubus System,,Novel,Reading,,,342,,,,,,1.85. The Incubus System 342
The Irregular of the Royal Academy of Magic ~The Strongest Sorcerer From the Slums is Unrivaled in the School of Royals,,Manga,Reading,,,28,,,,,,406. The Irregular of the Royal Academy of Magic ~The Strongest Sorcerer From the Slums is Unrivaled in the School of Royals  28
The King Of The Underworld is Tired,,Novel,Reading,,,123,,,,,,1.193. The King Of The Underworld is Tired 123
The Kingdoms of Ruin,,Manga,Reading,,,20,,,,,,445. The Kingdoms of Ruin 20
The Knight King Who Returned with a God,,Manga,Reading,,,25,,,,,,521. The Knight King Who Returned with a God 25
The lady and her Butler,,Manga,Reading,,,85,,,1,,,15.The lady and her Butler 85 🌟
The Legend of Maian,,Manga,Unknown,,,75,,3,,,"chyba autor porzucil
cringe plot,ntr, wkurwiajace","263.The Legend of Maian 75 ✓❌ 💩 💩 (cringe plot,ntr, wkurwiajace)"
The Legendarny Mortal ShO,,Manga,Reading,,,23,,,,,,236.The Legendarny Mortal ShO 23 ~?
The Legendary Hero Is Dead!,,Manga,Reading,,,172,162,,,,release_frequency=~16,128.The Legendary Hero Is Dead! 162 (172) ~16
The Legendary Moonlight Sculptor,,Manga,Completed,,,118,,,,,chyba skonczone,167.The Legendary Moonlight Sculptor 118 ✓?
The Long Way of the Warrior,,Manga,Reading,,,45,,,,,,462. The Long Way of the Warrior 45
The Lord of Money,,Manga,Reading,,,60,,,,,,426. The Lord of Money 60
The Main Character is the Villain,,Manhwa,Reading,h-manhwa,,33,,,,,,1.1.55 The Main Character is the Villain 33
The Main Heroines are Trying to Kill Me,,Novel,Reading,,,28,,,,,,1.92. The Main Heroines are Trying to Kill Me 28
The Man from Hell,,Novel,Reading,,,266,,,,,,1.39.The Man from Hell 266
The Marquis Eldest Son's Laviscious Story,,Novel,Reading,,,74,,,,,,1.48. The Marquis Eldest Son's Laviscious Story 74
The Max Level Hero has Returned!,,Manga,Reading,,,68,,,,,,448. The Max Level Hero has Returned! 68
The Mob Boss’S Daughter And Her Caretaker,,Manga,Reading,,,8,,,,,,352.  The Mob Boss’S Daughter And Her Caretaker 8
The Narrow-Eyed Villain of the Demon Academy,,Novel,Reading,,,261,,,,,,1.198. The Narrow-Eyed Villain of the Demon Academy 261
The OutCast,,Manga,Reading,,,73,,,1,,,192.The OutCast 73 ~? 🌟
The Pleasure Lord,,Novel,Reading,,,173,,,,,,1.36. The Pleasure Lord 173
The Priest of Corruption,,Manga,Reading,,,50,,,,,,522. The Priest of Corruption 50
The Queen Is Mighty,,Manga,Reading,,80,41,,,,,,326. The Queen Is Mighty 41 (80)
The Quintessential Quintuplets,,Manga,Reading,,,71,,,,,,59.The Quintessential Quintuplets 71
The Rebirth Of The Demon God,,Manga,Reading,,,86,,,,,,316. The Rebirth Of The Demon God 86
The Regressed Demon Lord is Kind,,Novel,Reading,,,382,,,,,,1.88. The Regressed Demon Lord is Kind 382
The Regressed Mercenary's Machinations,,Novel,Reading,,,319,,,,,,1.192. The Regressed Mercenary's Machinations 319
The Regressor and the Blind Saintess,,Novel,Reading,,,85,,8,1,,,1.125. The Regressor and the Blind Saintess 85  💯 ⭐
The Reincarnated Assassin Is A Genius Swordsman,,Novel,Reading,,,597,,,,,,1.191. The Reincarnated Assassin Is A Genius Swordsman 597
The Reincarnated Villain makes the Heroines tearfully beg for Forgiveness,,Novel,Reading,,,232,,,,,,1.160. The Reincarnated Villain makes the Heroines tearfully beg for Forgiveness 232
The Return of Disaster class hero,,Novel,Completed,,496,496,b2e9,,,,chyba skonczone,1.154. The Return of Disaster class hero b2e9 (496) ✓?
The Return of the Crazy Demon,,Manga,Reading,,,14,,,2,,,413. The Return of the Crazy Demon 14 ⭐⭐
The Rise of the Perverted Immortal,,Novel,Reading,,,106,,,,,,1.151. The Rise of the Perverted Immortal 106
The Rise of the Unemployed Wise Man,,Manga,Reading,,,43,,,,,,420. The Rise of the Unemployed Wise Man 43
The Road of Karma,,Manga,Unknown,,,40,,,2,,"chyba autor porzucil
mozliwy hiatus",230.The Road of Karma 40 ✓❌(mozliwy hiatus) 🌟 🌟
The Second Coming of Gluttony,,Novel,Completed,,,505,,,,,,1.59. The Second Coming of Gluttony 505 ✓
The Sexy Master is Not an Idiot!,,Manga,Reading,,,52,,,,,,283.The Sexy Master is Not an Idiot! 52 ~?
The Sinful Life of The Emperor,,Novel,Reading,,,472,,,,,,1.42. The Sinful Life of The Emperor 472
The Special Agent With Negative EQ Reincarnated As A Student And Became Popular With The Ladies?!,,Manga,Reading,,,43,,,,,,441. The Special Agent With Negative EQ Reincarnated As A Student And Became Popular With The Ladies?! 43
The Sponsored Heroines Are Coming for Me,,Novel,Reading,,,63,,,,,,1.166. The Sponsored Heroines Are Coming for Me 63
The Spot Master,,Manhwa,Completed,h-manhwa,60,60,,8,,,,1.1.12 The Spot Master 60 ✓ 💯
The Stand-up Day,,Manhwa,Reading,h-manhwa,,49,,,,,,1.1.13 The Stand-up Day 49
The Story Of An Engaged Couple That Doesn't Get Along,,Manga,Reading,,,29,,,,,,438. The Story Of An Engaged Couple That Doesn't Get Along 29
The Story of an Onee-San Who Wants to Keep a High School Boy,,Manga,Reading,,,244,,,,,,50.The Story of an Onee-San Who Wants to Keep a High School Boy  244
The Strong Man from the Mental Hospital,,Manga,Reading,,,28,,,,,,494. The Strong Man from the Mental Hospital 28
The Strongest Ever,,Manga,Reading,,,21,,,,,,324. The Strongest Ever 21
The Strongest God King,,Manga,Reading,,,115,,,,,,299. The Strongest God King 115
The Strongest Golden Kidney System,,Manga,Reading,,,105,,,,,,362. The Strongest Golden Kidney System 105
The Strongest War God,,Manga,Reading,,,71,,,1,,,284.The Strongest War God 71 ~? 🌟
The Super Doctor From2089,,Manga,Reading,,,218,,,,,,387. The Super Doctor From2089 218
The Superb Captain in the City,,Manga,Reading,,,73,,,2,,release_frequency=~7,276.The Superb Captain in the City 73 ~7 🌟 🌟
The Teacher Can Not Tell Me Love,,Manga,Reading,,,14,,8,2,,,146.The Teacher Can Not Tell Me Love 14 ~? 🌟 🌟 💯
The Teacher of Perishable Villains,,Manga,Reading,,,24,,,,,,505. The Teacher of Perishable Villains 24
The Thorn That Pierces Me,,Manga,Reading,,,13,,,,,,338. The Thorn That Pierces Me 13
The Timid Succubus and Her Handsome Meal,,Manhwa,Reading,h-manhwa,,8,,,,,,1.1.29 The Timid Succubus and Her Handsome Meal 8
The Tutorial Tower's Advanced Player,,Manga,Reading,,,54,,,1,,,340. The Tutorial Tower's Advanced Player 54 ⭐
The V Squad,,Manga,Reading,,,37,,,2,,,240.The V Squad 37 ~? 🌟 🌟
The Villain marries supporting characters,,Novel,Reading,,,26,,,,,,1.161. The Villain marries supporting characters 26
The Villain Who Robbed the Heroines,,Novel,Reading,,,81,,,1,,,1.126. The Villain Who Robbed the Heroines 81 ⭐
The Villainous Daughter’s Butler ~I Raised Her to be Very Cute~,,Novel,Reading,,,80,v3c8,,,,,1.68.  The Villainous Daughter’s Butler ~I Raised Her to be Very Cute~ v3c8 (80)
The Villainous Young Lady Cries in Frustration: I Told You Not to Provoke the Protagonist,,Novel,Reading,,,254,,,,,,1.203. The Villainous Young Lady Cries in Frustration: I Told You Not to Provoke the Protagonist 254
The Witch Hunter System,,Novel,Reading,,,774,,,,,,1.181. The Witch Hunter System 774
The World Of Otome Games Is Tough For Mobs,,Manga,Reading,,,35,,,1,,,439.  The World Of Otome Games Is Tough For Mobs 35 ⭐
The World Where I Belong,,Manga,Reading,,,51,,,1,,,229.The World Where I Belong 51 ~? 🌟
The Wrong Way to use Healing Magic,,Manga,Reading,,,23,22,,,,,183.The Wrong Way to use Healing Magic 22 (23) ~?
These Dangerous Girls Placed Me Into Jeopardy,,Novel,Reading,,,78,v2c63,,,,,1.100. These Dangerous Girls Placed Me Into Jeopardy v2c63 (78)
This Italian Girl Has Become Such A Freeloader,,Manga,Reading,,,44,,,,,,435. This Italian Girl Has Become Such A Freeloader 44
Thou Shalt Not Die,,Manga,Reading,,,20,21,,1,,,187.Thou Shalt Not Die 20 (21) ~? 🌟
Tian Jiang Xian Shu Nan,,Manga,Completed,,136,136,,3,,,"Mc kurwa,shit plot","243.Tian Jiang Xian Shu Nan 136 (136) ✓ 💩 💩 (Mc kurwa,shit plot)"
Tie Me Up,,Manhwa,Completed,h-manhwa,,53,,10,,,,1.1.35 Tie Me Up 53 ✓ 💯 💯💯
To Be a Power in the Shadows!,,Novel,Reading,,,133,,,,,,1.1.To Be a Power in the Shadows! 133
Today's Cerberus,,Manga,Completed,,68,68,,,,,,80.Today's Cerberus 56.5 (68) ✓
Toilet-Bound Hanako-kun,,Manga,Reading,,,54,53.2,,,,release_frequency=~10,64.Toilet-Bound Hanako-kun 53.2 (54) ~10
Tomb Raider King,,Manga,Reading,,,188,,,2,,,291.Tomb Raider King 188 ⭐ ⭐
Tonikaku Kawaii (Fly me to the moon),,Manga,Reading,,,62,59,,,,release_frequency=~9,65.Tonikaku Kawaii (Fly me to the moon) 59 (62) ~9
Top Quality Beauty Cultivation System,,Novel,Reading,,,70,,,,,,1.32.Top Quality Beauty Cultivation System 70
Touch on,,Manhwa,Completed,h-manhwa,114,114,,,1,,,1.1.43 Touch on 109.3 (114) ✓ ⭐
Traditional Job of Washing Girl's Body,,Manhwa,Reading,h-manhwa,,32,,,,,,1.1.1Traditional Job of Washing Girl's Body 32
Trample on the River of Immortality,,Manga,Reading,,,106,,,,,,397. Trample on the River of Immortality 106
"Transmigrated into the Villain, My Inner Thoughts Were Overheard by the Female Lead",,Novel,Completed,,,306,,,,,,"1.213. Transmigrated into the Villain, My Inner Thoughts Were Overheard by the Female Lead 306 ✓"
TranXending Vision,,Novel,Reading,,,730,,,,,,1.31. TranXending Vision 730
Trapped in a Webnovel as a Good-For-Nothing,,Manga,Reading,,,75,,,,,,504.  Trapped in a Webnovel as a Good-For-Nothing 75
"Treading on Fire, Yuwen Jun!",,Manga,Reading,,,80,79,,,,release_frequency=~3,"100.Treading on Fire, Yuwen Jun! 80 (79) ~3"
Trinity Seven: The Seven Magicians,,Manga,Reading,,,76,,,,,,30.Trinity Seven: The Seven Magicians 76
True Education,,Manga,Reading,,,59,,,,,,496. True Education 59
Tsui No Taimashi,,Manga,Reading,,,55,,,,,,479. Tsui No Taimashi 55
Tsuki ga Michibiku Isekai Douchuu,,Manga,Reading,,,66,,,,,,396. Tsuki ga Michibiku Isekai Douchuu 66
Two-Faced Teacher's Night Class,,Manga,Reading,,,10,,,,,,271.Two-Faced Teacher's Night Class 10 ~?
Tyranny of Steel,,Novel,Reading,,,741,,,,,kurwa autor już odlatuje z swoimi nazistowskimi poglądami i bs,1.118. Tyranny of Steel 741 ( kurwa autor już odlatuje z swoimi nazistowskimi poglądami i bs)
Uchi no Hentai Maid ni Osowareteru,,Manga,Reading,,,54,45.5,,1,,release_frequency=~4,122.Uchi no Hentai Maid ni Osowareteru 45.5 (54) ~4 🌟
Ultimate Abandoned,,Manga,Reading,,,40,,,,,,367. Ultimate Abandoned 40
Ultimate Legend - Kang Hae Hyo,,Manga,Reading,,,73,,,,,release_frequency=~66,69.Ultimate Legend - Kang Hae Hyo 73 ~66
Unbalance x3,,Manga,Reading,,,117,71.1,,,,release_frequency=~7,96.Unbalance x3 71.1 (117) ~7
Under Observation: My First Loves and I,,Manhwa,Reading,h-manhwa,,33,,,,,,1.1.4Under Observation: My First Loves and I 33
Underage Eve,,Manga,Reading,,,30,,,1,,,279.Underage Eve 30 ~? 🌟
Understanding of Flirting,,Manhwa,Reading,h-manhwa,,33,,,,,,1.1.54 Understanding of Flirting 33
Unlock 99Heroines in End Times,,Manga,Reading,,,56,,,,,,410. Unlock 99Heroines in End Times 56
unOrdinary,,Manga,Reading,,,137,,,,,,35.unOrdinary 137
unTouchable,,Manga,Completed,asdsa; dsadd; ta2; tafsadf; tag; tag123,,141,,10,1,asjsadjhdasjdhdjhasjsadjhdasjdhdjhasjsadjhdasjdhdjhasjsadjhdasjdhdjhasjsadjhdasjdhdjhasjsadjhdasjdhdjhasjsadjhdasjdhdjhasjsadjhdasjdhdjhasjsadjhdasjdhdjhasjsadjhdasjdhdjhasjsadjhdasjdhdjh,i bardzo duzo notatek tu jeezxdasdeasdsasadasd,
"Urami koi, koi, Urami koi",,Manga,Reading,,,50,,,,,,"21.Urami koi, koi, Urami koi 50"
Urban Banished Immortal,,Novel,Reading,,,166,1.11.19,,,,1.11.19,1.14.Urban Banished Immortal 166 (1.11.19)
Uzaki-chan wa Asobitai!,,Manga,Reading,,,40,32,,1,,release_frequency=~11,152.Uzaki-chan wa Asobitai! 32 (40) ~11 🌟
Valhalla Saga,,Novel,Completed,,,261,vE4,8,,,vE4,1.21. Valhalla Saga 261 (vE4) ✓ 💯
Vampir Lord: E* RPG,,Novel,Reading,,,50,,,,,,1.110. Vampir Lord: E* RPG 50
Vampire Freshman Caught by the Campus Female Demon Hunter,,Novel,Completed,,,282,,,,,,1.172. Vampire Freshman Caught by the Campus Female Demon Hunter 282 ✓
Vampire's Slice of Life,,Novel,Reading,,,333,,,,,"prawie nic nie dzieje, ale kiedyś wrócić","1.119. Vampire's Slice of Life 333 (prawie nic nie dzieje, ale kiedyś wrócić)"
Vicious Luck,,Manga,Reading,,,111,,,2,,,286.Vicious Luck 111 ~? 🌟 🌟
Villager A,,Novel,Reading,,,58,,,,,,1.71. Villager A 58
"Villain: Before I Died, I Forcibly Kissed the Heroine",,Novel,Reading,,,268,,,,,,"1.97. Villain: Before I Died, I Forcibly Kissed the Heroine 268"
"Villain: Marrying a Blind Fiancée, Crazy in Love",,Novel,Completed,,,456,,,1,,,"1.205. Villain: Marrying a Blind Fiancée, Crazy in Love 456 ⭐ ✓"
Villainess's Father,,Novel,Reading,,,54,,,,,,1.72. Villainess's Father 54
Villainous Young Master's Otherworldly Harem,,Novel,Reading,,,228,,,,,,1.123. Villainous Young Master's Otherworldly Harem 228
Villain’s Diary: Why Does It Feel Like You’re All Acting Against Me?,,Novel,Reading,,,480,,,,,,1.209. Villain’s Diary: Why Does It Feel Like You’re All Acting Against Me? 480
"Wait, How Did My Digital Girlfriend Become a Sword Immortal?",,Novel,Reading,,,122,,,,,,"1.195. Wait, How Did My Digital Girlfriend Become a Sword Immortal? 122"
Warble,,Manga,Reading,,,54,,,1,,,235.Warble 54 ~? 🌟
Warring States,,Manga,Reading,,,10,,,,,,465. Warring States 10
Watari-kun no ×× ga Houkai Sunzen,,Manga,Reading,,,43,39.5,,,,,42.Watari-kun no ×× ga Houkai Sunzen 39.5 (43)
We're so Over.. or Not,,Manga,Completed,,103,103,,8,,,,216.We're so Over.. or Not 98.5 (103) ✓ 💯
Weak Point,,Manhwa,Reading,h-manhwa,,40,,,2,,,1.1.15 Weak Point 40 🌟🌟
What do I do Now,,Manhwa,Reading,h-manhwa,,47,,,,,,1.1.59 What do I do Now 47
What To Do if You’re the Villain and the Heroine Likes You,,Novel,Reading,,,50,,,,,,1.91. What To Do if You’re the Villain and the Heroine Likes You 50
What's for Dinner,,Manhwa,Reading,h-manhwa,,35,,,,,,1.1.51 What's for Dinner 35
What? I Actually Reincarnated As Stepping Stone In Another World?,,Novel,Reading,,,61,,,,,,1.133. What? I Actually Reincarnated As Stepping Stone In Another World? 61
"When I Saw The Returns, I Invested In My Future Wife",,Novel,Reading,,,267,,,,,,"1.135. When I Saw The Returns, I Invested In My Future Wife 267"
White Epic,,Manga,Reading,,,100,,,,,,57.White Epic 100
Wind Breaker,,Manga,Reading,,,236,168,8,2,,release_frequency=~7,127.Wind Breaker 168 (236) ~7 🌟 🌟 💯
Witch of Thistle Castle,,Manga,Reading,,,12,,,,,,474. Witch of Thistle Castle 12
Womanizing Mage,,Novel,Reading,,,655,,,,,,1.4.Womanizing Mage 655
Womanizing True Immortal,,Novel,Reading,,,137,,,,,,1.28. Womanizing True Immortal 137
Woodman Dyeon,,Manhwa,Unknown,h-manhwa,,15,,,,,chyba autor porzucil,1.1.33 Woodman Dyeon 15 ✓❌
World Customize Creator,,Manga,Reading,,,61,,,,,release_frequency=~35,172.World Customize Creator 61 ~35
World Defying Dan God,,Novel,Reading,,,3667,,,,,,1.51. World Defying Dan God 3667
World's Apocalypse Online,,Manga,Reading,,,80,,,,,not sure,491. World's Apocalypse Online 80?
World's End Harem,,Manga,Reading,,,80,64.2,,,,release_frequency=~16,118.World's End Harem 64.2 (80) ~16
Worn and Torn Newbie,,Manga,Reading,,,39,,,1,,,344. Worn and Torn Newbie 39 ⭐
Wotakoi: Love is Hard for Otaku,,Manga,Reading,,,56,45.5,,,,,212.Wotakoi: Love is Hard for Otaku 45.5 (56)  ~?
Yancha Gal no Anjou-san,,Manga,Reading,,,39,33,,,,,47.Yancha Gal no Anjou-san 33 (39)
You Cannot Afford To Offend My Woman,,Novel,Reading,,,111,p2,,1,,,1.34.You Cannot Afford To Offend My Woman 111 (p2) 🌟
Yuanlong,,Manga,Reading,,,166,,8,1,,,342. Yuanlong 166 💯⭐
"Yuusha Party wo Tsuihou Sareta Beast Tamer, Saikyou Shuzoku Nekomimi Shojo to Deau",,Manga,Reading,,,56,,,,,,"416. Yuusha Party wo Tsuihou Sareta Beast Tamer, Saikyou Shuzoku Nekomimi Shojo to Deau 56"
"Yuusha, Yamemasu",,Manga,Reading,,,32,29.3,,,,,"454. Yuusha, Yamemasu 29.3 (32)"
Zhi Ran Chenghun,,Manga,Reading,,,119,,,1,,,251.Zhi Ran Chenghun 119 ~? 🌟
Zhi Ran Chenghun3,,Manga,Reading,,,133,,,1,,,
