"primaryTitle","author","contentType","status","currentChapterNumber","currentChapterLabel","totalChapters","rating","priority","genres","tags","notes"
"Amber Archive Chronicle 001","","Manga","Reading","119","","","3","1","","",""
"Binary Archive Chronicle 002","","Manhwa","Completed","161","","161","2","","","tagX",""
"Crimson Archive Chronicle 003","","Manga","Reading","40","","","4","","","",""
"Distant Archive Chronicle 004","","Manga","Completed","141","","","10","1","Adventure; Action; Xianxia; Drama; Harem; Fantasy","tag123; tag; asdsa; tafsadf; ta2; dsadd","lorem"
"Emerald Archive Chronicle 005","","Manga","On Hold","26","","","9","","","",""
"Frost Archive Chronicle 006","","Novel","Reading","521","","","10","","","",""
"Golden Archive Chronicle 007","","Manga","Reading","41","","","10","","","","lorem"
"Hidden Archive Chronicle 008","","Manga","Reading","40","","","2","","Adventure; Action; Drama; Mystery; Harem","tag123",""
"Ivory Archive Chronicle 009","","Manga","Completed","64","v2","64","4","","","","lorem"
"Jade Archive Chronicle 010","","Manhwa","Reading","20","","","3","","","tagX",""
"Kindred Archive Chronicle 011","","Manhwa","Reading","30","","","4","","","tagX",""
"Lunar Archive Chronicle 012","","Manhwa","Reading","30","","","3","","","tagX",""
"Misty Archive Chronicle 013","","Manhwa","Reading","62","","","8","","","tagX",""
"Northern Archive Chronicle 014","","Manhwa","Reading","56","","","1","","","tagX",""
"Obsidian Archive Chronicle 015","","Manhwa","Reading","32","","","9","","","tagX",""
"Prism Archive Chronicle 016","","Manhwa","Reading","43","","","1","","","tagX",""
"Quiet Archive Chronicle 017","","Manhwa","Reading","47","","","9","","","tagX",""
"Radiant Archive Chronicle 018","","Manhwa","Reading","26","","","10","","","tagX",""
"Silver Archive Chronicle 019","","Manhwa","Reading","40","","","9","","","tagX",""
"Twilight Archive Chronicle 020","","Manhwa","Reading","40","","","1","","","tagX",""
"Umber Archive Chronicle 021","","Manhwa","Reading","15","","","5","","","tagX","lorem"
"Velvet Archive Chronicle 022","","Manga","Reading","34","","","9","","","",""
"Wild Archive Chronicle 023","","Manga","Unknown","27","","","10","","","","lorem"
"Young Archive Chronicle 024","","Manga","Completed","154","","154","2","","","","lorem"
"Zephyr Archive Chronicle 025","","Manga","Completed","104","","104","8","","","",""
"Amber Beacon Chronicle 026","","Novel","Completed","214","","","5","1","","",""
"Binary Beacon Chronicle 027","","Novel","Reading","240","v4c76","","5","","","",""
"Crimson Beacon Chronicle 028","","Manhwa","Completed","56","","56","2","","","tagX",""
"Distant Beacon Chronicle 029","","Manhwa","Reading","33","","","9","","","tagX",""
"Emerald Beacon Chronicle 030","","Manhwa","Reading","33","","","9","","","tagX",""
"Frost Beacon Chronicle 031","","Manhwa","Reading","46","","","8","","","tagX",""
"Golden Beacon Chronicle 032","","Manhwa","Reading","19","","","7","1","","tagX",""
"Hidden Beacon Chronicle 033","","Manhwa","Reading","35","","","10","","","tagX",""
"Ivory Beacon Chronicle 034","","Manhwa","Reading","77","","","6","","","tagX",""
"Jade Beacon Chronicle 035","","Manhwa","Reading","27","","","5","","","tagX",""
"Kindred Beacon Chronicle 036","","Manhwa","Reading","30","","","8","","","tagX",""
"Lunar Beacon Chronicle 037","","Manhwa","Completed","43","","43","6","","","tagX",""
"Misty Beacon Chronicle 038","","Manhwa","Completed","95","","95","6","","","tagX",""
"Northern Beacon Chronicle 039","","Manhwa","Reading","36","","","4","1","","tagX",""
"Obsidian Beacon Chronicle 040","","Manhwa","Reading","63","","","2","1","","tagX",""
"Prism Beacon Chronicle 041","","Manhwa","Completed","114","","114","10","1","","tagX",""
"Quiet Beacon Chronicle 042","","Manhwa","Completed","161","","161","2","","","tagX",""
"Radiant Beacon Chronicle 043","","Manhwa","Completed","82","","82","1","","","tagX",""
"Silver Beacon Chronicle 044","","Manhwa","Reading","82","","","6","","","tagX",""
"Twilight Beacon Chronicle 045","","Manhwa","Reading","59","","","9","","","tagX",""
"Umber Beacon Chronicle 046","","Manhwa","Reading","79","","","3","1","","tagX",""
"Velvet Beacon Chronicle 047","","Manhwa","Completed","25","","25","3","","","tagX","lorem"
"Wild Beacon Chronicle 048","","Manhwa","Completed","53","","","5","","","tagX",""
"Young Beacon Chronicle 049","","Manhwa","Reading","15","","","8","2","","tagX",""
"Zephyr Beacon Chronicle 050","","Manhwa","Unknown","15","","","10","","","tagX","lorem"
"Amber Circuit Chronicle 051","","Manhwa","Completed","9","","9","8","","","tagX",""
"Binary Circuit Chronicle 052","","Manhwa","Reading","24","","","4","","","tagX",""
"Crimson Circuit Chronicle 053","","Manhwa","Reading","31","","","3","","","tagX",""
"Distant Circuit Chronicle 054","","Manhwa","Reading","8","","","9","","","tagX",""
"Emerald Circuit Chronicle 055","","Manhwa","Completed","25","","25","10","","","tagX","lorem"
"Frost Circuit Chronicle 056","","Manhwa","Reading","13","","","4","","","tagX","lorem"
"Golden Circuit Chronicle 057","","Manhwa","Reading","32","","","2","1","","tagX",""
"Hidden Circuit Chronicle 058","","Manhwa","Reading","27","","","3","","","tagX","lorem"
"Ivory Circuit Chronicle 059","","Manhwa","Reading","18","","","2","3","","tagX",""
"Jade Circuit Chronicle 060","","Manhwa","Reading","47","","","4","1","","tagX","lorem"
"Kindred Circuit Chronicle 061","","Manhwa","Reading","27","","","6","","","tagX",""
"Lunar Circuit Chronicle 062","","Manhwa","Reading","23","","","9","3","","tagX","lorem"
"Misty Circuit Chronicle 063","","Manhwa","Reading","15","","","4","","","tagX",""
"Northern Circuit Chronicle 064","","Manhwa","Reading","18","","","6","","","tagX",""
"Obsidian Circuit Chronicle 065","","Manhwa","Reading","82","","","6","","","tagX",""
"Prism Circuit Chronicle 066","","Manhwa","Reading","73","","","7","2","","tagX","lorem"
"Quiet Circuit Chronicle 067","","Manhwa","Reading","40","","","4","2","","tagX",""
"Radiant Circuit Chronicle 068","","Manhwa","Reading","61","","","3","2","","tagX","lorem"
"Silver Circuit Chronicle 069","","Manhwa","Reading","49","","","6","","","tagX",""
"Twilight Circuit Chronicle 070","","Manhwa","Completed","60","","60","2","","","tagX",""
"Umber Circuit Chronicle 071","","Manhwa","Completed","44","","44","5","","","tagX",""
"Velvet Circuit Chronicle 072","","Manhwa","Reading","17","","","4","","","tagX","lorem"
"Wild Circuit Chronicle 073","","Manhwa","Reading","50","","","7","1","","tagX",""
"Young Circuit Chronicle 074","","Manhwa","Completed","53","","53","8","","","tagX",""
"Zephyr Circuit Chronicle 075","","Manhwa","Completed","57","","57","1","","","tagX","lorem"
"Amber Delta Chronicle 076","","Manhwa","Completed","55","","55","3","","","tagX","lorem"
"Binary Delta Chronicle 077","","Manhwa","Reading","24","","","8","","","tagX",""
"Crimson Delta Chronicle 078","","Manhwa","Reading","33","","","4","","","tagX",""
"Distant Delta Chronicle 079","","Manhwa","Completed","44","","44","3","","","tagX","lorem"
"Emerald Delta Chronicle 080","","Manhwa","Reading","10","","","6","","","tagX",""
"Frost Delta Chronicle 081","","Manhwa","Reading","32","","","3","","","tagX",""
"Golden Delta Chronicle 082","","Manga","Reading","68","","","1","","","",""
"Hidden Delta Chronicle 083","","Manga","Reading","50","","","4","","","",""
"Ivory Delta Chronicle 084","","Manga","Reading","25","","","10","","","",""
"Jade Delta Chronicle 085","","Manga","Reading","99","","","2","","","",""
"Kindred Delta Chronicle 086","","Manga","Reading","102","","","5","","","",""
"Lunar Delta Chronicle 087","","Manga","Reading","60","","","4","","","",""
"Misty Delta Chronicle 088","","Manga","Reading","88","","","1","","","",""
"Northern Delta Chronicle 089","","Manga","Reading","115","","","7","","","",""
"Obsidian Delta Chronicle 090","","Manga","Reading","51","","","2","","","",""
"Prism Delta Chronicle 091","","Manga","Reading","50","","","6","","","",""
"Quiet Delta Chronicle 092","","Manga","Reading","25","","","4","","","",""
"Radiant Delta Chronicle 093","","Manga","Reading","59","","","4","","","",""
"Silver Delta Chronicle 094","","Manga","Reading","37","","","10","","","",""
"Twilight Delta Chronicle 095","","Manga","Reading","67","","","6","","","",""
"Umber Delta Chronicle 096","","Manga","Reading","18","","","1","","","",""
"Velvet Delta Chronicle 097","","Manga","Reading","41","40.5","","9","","","",""
"Wild Delta Chronicle 098","","Manga","Reading","26","","","6","","","",""
"Young Delta Chronicle 099","","Manga","Reading","24","","","1","","","",""
"Zephyr Delta Chronicle 100","","Manga","Reading","75","","","2","","","",""
"Amber Echo Chronicle 101","","Manga","Reading","52","","","9","","","",""
"Binary Echo Chronicle 102","","Manga","Reading","57","","","10","","","",""
"Crimson Echo Chronicle 103","","Manga","Reading","39","","","9","","","",""
"Distant Echo Chronicle 104","","Manga","Reading","120","","","7","","","",""
"Emerald Echo Chronicle 105","","Manga","Reading","23","","","5","","","",""
"Frost Echo Chronicle 106","","Manga","Reading","103","","","5","","","",""
"Golden Echo Chronicle 107","","Manga","Reading","83","","","7","","","",""
"Hidden Echo Chronicle 108","","Manga","Reading","59","","","6","","","",""
"Ivory Echo Chronicle 109","","Manga","Reading","218","","","8","","","",""
"Jade Echo Chronicle 110","","Manga","Reading","28","","","7","","","",""
"Kindred Echo Chronicle 111","","Manga","Reading","125","","","6","","","",""
"Lunar Echo Chronicle 112","","Manga","Reading","98","","","8","","","",""
"Misty Echo Chronicle 113","","Manga","Reading","80","","","10","","","","lorem"
"Northern Echo Chronicle 114","","Manga","Reading","20","","","7","","","",""
"Obsidian Echo Chronicle 115","","Manga","Reading","37","","","2","","","",""
"Prism Echo Chronicle 116","","Manga","Reading","57","","","5","1","","",""
"Quiet Echo Chronicle 117","","Manga","Reading","69","","","6","","","",""
"Radiant Echo Chronicle 118","","Manga","Reading","50","","","5","","","",""
"Silver Echo Chronicle 119","","Manga","Reading","29","","","5","","","",""
"Twilight Echo Chronicle 120","","Manga","Reading","29","","","1","","","",""
"Umber Echo Chronicle 121","","Manga","Reading","69","","","4","","","",""
"Velvet Echo Chronicle 122","","Manga","Reading","19","","","3","","","",""
"Wild Echo Chronicle 123","","Manga","Reading","10","","","7","","","",""
"Young Echo Chronicle 124","","Manga","Reading","63","","","5","","","",""
"Zephyr Echo Chronicle 125","","Manga","Reading","55","","","6","","","",""
"Amber Fable Chronicle 126","","Manga","Reading","86","","","2","","","",""
"Binary Fable Chronicle 127","","Manga","Reading","38","","","10","","","",""
"Crimson Fable Chronicle 128","","Manga","Reading","42","","","8","","","",""
"Distant Fable Chronicle 129","","Manga","Reading","57","","","2","","","",""
"Emerald Fable Chronicle 130","","Manga","Reading","12","","","1","","","",""
"Frost Fable Chronicle 131","","Manga","Reading","45","","","5","","","",""
"Golden Fable Chronicle 132","","Manga","Reading","26","","","3","","","",""
"Hidden Fable Chronicle 133","","Manga","Reading","30","","","4","","","",""
"Ivory Fable Chronicle 134","","Manga","Reading","48","","","2","","","",""
"Jade Fable Chronicle 135","","Manga","Reading","60","","","7","","","",""
"Kindred Fable Chronicle 136","","Manga","Reading","58","","","3","","","",""
"Lunar Fable Chronicle 137","","Manga","Reading","224","","","2","","","",""
"Misty Fable Chronicle 138","","Manga","Reading","15","","","8","","","",""
"Northern Fable Chronicle 139","","Manga","Reading","10","","","5","","","",""
"Obsidian Fable Chronicle 140","","Manga","Reading","65","","","8","","","",""
"Prism Fable Chronicle 141","","Manga","Reading","54","","","8","1","","",""
"Quiet Fable Chronicle 142","","Manga","Reading","45","","","8","","","",""
"Radiant Fable Chronicle 143","","Manga","Reading","166","","","3","","","",""
"Silver Fable Chronicle 144","","Manga","Reading","21","","","1","","","",""
"Twilight Fable Chronicle 145","","Manga","Reading","89","","","6","1","","",""
"Umber Fable Chronicle 146","","Manga","Reading","40","","","8","","","",""
"Velvet Fable Chronicle 147","","Manga","Reading","140","","","5","2","","",""
"Wild Fable Chronicle 148","","Manga","Reading","79","","","7","1","","",""
"Young Fable Chronicle 149","","Manga","Reading","60","","","8","1","","",""
"Zephyr Fable Chronicle 150","","Manga","Reading","32","29.3","","2","","","",""
"Amber Garden Chronicle 151","","Manga","Reading","122","","","6","","","",""
"Binary Garden Chronicle 152","","Manga","Reading","257","","","4","1","","",""
"Crimson Garden Chronicle 153","","Manga","Reading","30","","","2","","","",""
"Distant Garden Chronicle 154","","Manga","Reading","43","","","1","","","",""
"Emerald Garden Chronicle 155","","Manga","Reading","49","","","9","2","","",""
"Frost Garden Chronicle 156","","Manga","Reading","68","","","6","","","",""
"Golden Garden Chronicle 157","","Manga","Reading","65","","","4","","","",""
"Hidden Garden Chronicle 158","","Manga","Reading","86","","","5","","","",""
"Ivory Garden Chronicle 159","","Manga","Reading","20","","","1","","","",""
"Jade Garden Chronicle 160","","Manga","Reading","28","","","3","","","",""
"Kindred Garden Chronicle 161","","Manga","Reading","46","","","5","","","",""
"Lunar Garden Chronicle 162","","Manga","Reading","20","","","10","","","",""
"Misty Garden Chronicle 163","","Manga","Reading","43","","","4","","","",""
"Northern Garden Chronicle 164","","Manga","Reading","53","","","8","","","",""
"Obsidian Garden Chronicle 165","","Manga","Reading","35","","","2","1","","",""
"Prism Garden Chronicle 166","","Manga","Reading","29","","","4","","","",""
"Quiet Garden Chronicle 167","","Manga","Reading","59","","","5","","","",""
"Radiant Garden Chronicle 168","","Manga","Reading","16","","","8","","","",""
"Silver Garden Chronicle 169","","Manga","Reading","44","","","1","","","",""
"Twilight Garden Chronicle 170","","Manga","Reading","27","26.5","","9","","","",""
"Umber Garden Chronicle 171","","Manga","Reading","72","","","3","1","","",""
"Velvet Garden Chronicle 172","","Manga","Reading","9","","","8","","","",""
"Wild Garden Chronicle 173","","Manga","Reading","40","","","10","","","",""
"Young Garden Chronicle 174","","Manga","Reading","60","","","8","","","",""
"Zephyr Garden Chronicle 175","","Manga","Reading","8","","","3","","","",""
"Amber Harbor Chronicle 176","","Manga","Reading","185","","","6","2","","",""
"Binary Harbor Chronicle 177","","Manga","Reading","60","","","10","","","",""
"Crimson Harbor Chronicle 178","","Manga","Reading","20","","","7","","","",""
"Distant Harbor Chronicle 179","","Manga","Reading","21","","","9","","","",""
"Emerald Harbor Chronicle 180","","Manga","Reading","24","","","9","","","",""
"Frost Harbor Chronicle 181","","Manga","Reading","31","","","8","1","","",""
"Golden Harbor Chronicle 182","","Manga","Reading","31","","","4","","","",""
"Hidden Harbor Chronicle 183","","Manga","Reading","43","","","10","","","",""
"Ivory Harbor Chronicle 184","","Manga","Reading","7","","","1","","","",""
"Jade Harbor Chronicle 185","","Manga","Reading","14","","","5","","","",""
"Kindred Harbor Chronicle 186","","Manga","Reading","16","","","2","","","",""
"Lunar Harbor Chronicle 187","","Manga","Reading","56","","","2","","","",""
"Misty Harbor Chronicle 188","","Manga","Reading","28","","","4","1","","",""
"Northern Harbor Chronicle 189","","Manga","Reading","14","","","4","","","",""
"Obsidian Harbor Chronicle 190","","Manga","Reading","14","","","1","2","","",""
"Prism Harbor Chronicle 191","","Manga","Reading","16","15.5","","10","","","",""
"Quiet Harbor Chronicle 192","","Manga","Reading","18","","","8","","","",""
"Radiant Harbor Chronicle 193","","Manga","Reading","56","","","7","","","",""
"Silver Harbor Chronicle 194","","Manga","Reading","41","","","2","","","",""
"Twilight Harbor Chronicle 195","","Manga","Reading","34","","","3","","","",""
"Umber Harbor Chronicle 196","","Manga","Completed","64","","64","9","","","","lorem"
"Velvet Harbor Chronicle 197","","Manga","Reading","28","","","5","","","",""
"Wild Harbor Chronicle 198","","Manga","Reading","27","","","6","","","",""
"Young Harbor Chronicle 199","","Manga","Reading","48","","","9","","","",""
"Zephyr Harbor Chronicle 200","","Manga","Reading","60","","","3","","","",""
"Amber Index Chronicle 201","","Manga","Reading","69","","","3","","","",""
"Binary Index Chronicle 202","","Manga","Reading","97","","","7","","","",""
"Crimson Index Chronicle 203","","Manga","Reading","31","","","7","","","",""
"Distant Index Chronicle 204","","Manga","Reading","17","","","10","","","",""
"Emerald Index Chronicle 205","","Manga","Reading","23","r2020","","9","","","","lorem"
"Frost Index Chronicle 206","","Manga","Reading","106","","","8","","","",""
"Golden Index Chronicle 207","","Manga","Reading","66","","","4","","","",""
"Hidden Index Chronicle 208","","Manga","Reading","21","","","4","","","",""
"Ivory Index Chronicle 209","","Manga","Reading","98","","","8","","","",""
"Jade Index Chronicle 210","","Manga","Reading","29","","","3","1","","",""
"Kindred Index Chronicle 211","","Manga","Reading","40","","","6","","","",""
"Lunar Index Chronicle 212","","Manga","Reading","75","","","7","","","",""
"Misty Index Chronicle 213","","Manga","Reading","116","","","7","","","",""
"Northern Index Chronicle 214","","Manga","Reading","10","","","2","","","",""
"Obsidian Index Chronicle 215","","Manga","Reading","47","","","6","","","",""
"Prism Index Chronicle 216","","Manga","Reading","218","","","1","","","",""
"Quiet Index Chronicle 217","","Manga","Reading","73","","","1","","","",""
"Radiant Index Chronicle 218","","Manga","Reading","98","","","4","","","",""
"Silver Index Chronicle 219","","Manga","Reading","32","","","3","","","",""
"Twilight Index Chronicle 220","","Manga","Reading","34","","","1","1","","",""
"Umber Index Chronicle 221","","Manga","Reading","34","","","2","","","",""
"Velvet Index Chronicle 222","","Manga","Reading","39","","","2","","","",""
"Wild Index Chronicle 223","","Manga","Reading","54","","","5","","","",""
"Young Index Chronicle 224","","Manga","Reading","154","","","10","1","","",""
"Zephyr Index Chronicle 225","","Manga","Reading","9","","","9","","","",""
"Amber Journey Chronicle 226","","Manga","Reading","110","","","6","","","",""
"Binary Journey Chronicle 227","","Manga","Reading","83","","","2","","","",""
"Crimson Journey Chronicle 228","","Manga","Reading","131","","","9","","","",""
"Distant Journey Chronicle 229","","Manga","Reading","60","","","5","","","",""
"Emerald Journey Chronicle 230","","Manga","Reading","69","","","5","1","","",""
"Frost Journey Chronicle 231","","Manga","Reading","75","","","2","","","",""
"Golden Journey Chronicle 232","","Manga","Reading","29","","","5","","","",""
"Hidden Journey Chronicle 233","","Manga","Reading","103","","","8","1","","",""
"Ivory Journey Chronicle 234","","Manga","Reading","63","","","6","2","","",""
"Jade Journey Chronicle 235","","Manga","Reading","26","","","6","","","",""
"Kindred Journey Chronicle 236","","Manga","Reading","40","","","2","","","",""
"Lunar Journey Chronicle 237","","Manga","Reading","84","","","7","","","",""
"Misty Journey Chronicle 238","","Manga","Reading","10","","","10","","","",""
"Northern Journey Chronicle 239","","Manga","Reading","211","","","3","1","","",""
"Obsidian Journey Chronicle 240","","Manga","Reading","298","","","8","","","",""
"Prism Journey Chronicle 241","","Manga","Reading","105","","","8","","","",""
"Quiet Journey Chronicle 242","","Manga","Reading","34","","","8","","","",""
"Radiant Journey Chronicle 243","","Manga","Reading","45","","","6","","","",""
"Silver Journey Chronicle 244","","Manga","Reading","79","78.1","","1","","","",""
"Twilight Journey Chronicle 245","","Manga","Reading","30","","38","5","1","","",""
"Umber Journey Chronicle 246","","Manga","Reading","27","","","3","","","",""
"Velvet Journey Chronicle 247","","Manga","Reading","12","","","2","","","",""
"Wild Journey Chronicle 248","","Manga","Reading","12","","","6","","","",""
"Young Journey Chronicle 249","","Manga","Reading","18","18.1","","7","","","",""
"Zephyr Journey Chronicle 250","","Manga","Reading","97","","","2","","","",""
"Amber Keystone Chronicle 251","","Manga","Reading","8","","","8","","","",""
"Binary Keystone Chronicle 252","","Manga","Reading","7","5.1","","2","","","",""
"Crimson Keystone Chronicle 253","","Manga","Reading","184","","","3","1","","",""
"Distant Keystone Chronicle 254","","Manga","Reading","14","","","9","","","",""
"Emerald Keystone Chronicle 255","","Manga","Reading","53","","","1","","","",""
"Frost Keystone Chronicle 256","","Manga","Reading","79","","","2","1","","",""
"Golden Keystone Chronicle 257","","Manga","Reading","49","","","2","","","",""
"Hidden Keystone Chronicle 258","","Manga","Reading","20","","","8","","","",""
"Ivory Keystone Chronicle 259","","Manga","Reading","39","","","1","1","","",""
"Jade Keystone Chronicle 260","","Manga","Reading","106","","","3","","","",""
"Kindred Keystone Chronicle 261","","Manga","Reading","166","","","7","1","","",""
"Lunar Keystone Chronicle 262","","Manga","Reading","55","","","6","","","",""
"Misty Keystone Chronicle 263","","Manga","Reading","54","","","10","1","","",""
"Northern Keystone Chronicle 264","","Manga","Reading","30","","","4","1","","",""
"Obsidian Keystone Chronicle 265","","Manga","Reading","13","","","2","","","",""
"Prism Keystone Chronicle 266","","Manga","Reading","31","","","2","","","",""
"Quiet Keystone Chronicle 267","","Manga","Reading","36","","","10","","","",""
"Radiant Keystone Chronicle 268","","Manga","Reading","61","","","1","","","",""
"Silver Keystone Chronicle 269","","Manga","Reading","18","","","7","1","","",""
"Twilight Keystone Chronicle 270","","Manga","Reading","81","","","5","","","",""
"Umber Keystone Chronicle 271","","Manga","Reading","30","","","5","","","",""
"Velvet Keystone Chronicle 272","","Manga","Reading","306","","","2","2","","",""
"Wild Keystone Chronicle 273","","Manga","Reading","52","","","1","","","",""
"Young Keystone Chronicle 274","","Manga","Reading","40","","","6","1","","",""
"Zephyr Keystone Chronicle 275","","Manga","Reading","85","","","4","","","",""
"Amber Labyrinth Chronicle 276","","Manga","Reading","69","","","5","","","",""
"Binary Labyrinth Chronicle 277","","Manga","Reading","41","","80","7","","","",""
"Crimson Labyrinth Chronicle 278","","Manga","Reading","83","","","5","","","",""
"Distant Labyrinth Chronicle 279","","Manga","Reading","21","","","5","","","",""
"Emerald Labyrinth Chronicle 280","","Manga","Reading","135","","","7","1","","",""
"Frost Labyrinth Chronicle 281","","Manga","Reading","88","","","5","1","","",""
"Golden Labyrinth Chronicle 282","","Manga","Reading","104","","","6","","","",""
"Hidden Labyrinth Chronicle 283","","Manga","Reading","221","","","2","1","","",""
"Ivory Labyrinth Chronicle 284","","Manga","Reading","93","","","3","1","","",""
"Jade Labyrinth Chronicle 285","","Manga","Reading","166","","","7","","","",""
"Kindred Labyrinth Chronicle 286","","Manga","Reading","86","","","10","","","",""
"Lunar Labyrinth Chronicle 287","","Manga","Reading","137","","","2","1","","",""
"Misty Labyrinth Chronicle 288","","Manga","Completed","80","","80","9","","","",""
"Northern Labyrinth Chronicle 289","","Manga","Reading","95","","","5","","","",""
"Obsidian Labyrinth Chronicle 290","","Manga","Reading","50","","","5","1","","","lorem"
"Prism Labyrinth Chronicle 291","","Manga","Reading","46","","","10","","","",""
"Quiet Labyrinth Chronicle 292","","Manga","Reading","13","","","10","","","",""
"Radiant Labyrinth Chronicle 293","","Manga","Reading","18","","","10","","","",""
"Silver Labyrinth Chronicle 294","","Manga","Reading","7","","","10","","","",""
"Twilight Labyrinth Chronicle 295","","Manga","Reading","64","","","2","","","",""
"Umber Labyrinth Chronicle 296","","Manga","Reading","30","","","2","","","",""
"Velvet Labyrinth Chronicle 297","","Manga","Reading","96","","","9","","","",""
"Wild Labyrinth Chronicle 298","","Manga","Reading","100","","","3","","","",""
"Young Labyrinth Chronicle 299","","Manga","Reading","77","","","9","","","",""
"Zephyr Labyrinth Chronicle 300","","Manga","Reading","170","","","4","2","","",""
"Amber Market Chronicle 301","","Manga","Reading","113","","","4","","","",""
"Binary Market Chronicle 302","","Manga","Reading","60","","","1","","","",""
"Crimson Market Chronicle 303","","Manga","Reading","115","","","10","","","",""
"Distant Market Chronicle 304","","Manga","Reading","132","","","2","","","",""
"Emerald Market Chronicle 305","","Manga","Reading","65","","","8","","","",""
"Frost Market Chronicle 306","","Manga","Reading","60","","","7","","","",""
"Golden Market Chronicle 307","","Manga","Reading","46","","","1","1","","",""
"Hidden Market Chronicle 308","","Manga","Reading","239","","","8","","","",""
"Ivory Market Chronicle 309","","Manga","Reading","20","","","6","","","",""
"Jade Market Chronicle 310","","Manga","Reading","33","","","7","","","",""
"Kindred Market Chronicle 311","","Manga","Reading","188","","","6","2","","",""
"Lunar Market Chronicle 312","","Manga","Reading","60","","","8","1","","",""
"Misty Market Chronicle 313","","Manga","Reading","92","","","3","2","","",""
"Northern Market Chronicle 314","","Manga","Reading","46","21.2","","5","1","","",""
"Obsidian Market Chronicle 315","","Manga","Reading","42","","","9","2","","",""
"Prism Market Chronicle 316","","Manga","Reading","111","","","1","2","","",""
"Quiet Market Chronicle 317","","Manga","Reading","77","","","4","","","",""
"Radiant Market Chronicle 318","","Manga","Reading","71","","","7","1","","",""
"Silver Market Chronicle 319","","Manga","Reading","52","","","7","","","",""
"Twilight Market Chronicle 320","","Manga","Reading","181","","","2","2","","","lorem"
"Umber Market Chronicle 321","","Manga","Reading","110","","","10","1","","",""
"Velvet Market Chronicle 322","","Manga","Reading","40","","","1","1","","",""
"Wild Market Chronicle 323","","Manga","Reading","30","","","7","1","","",""
"Young Market Chronicle 324","","Manga","Reading","44","","","2","1","","",""
"Zephyr Market Chronicle 325","","Manga","Reading","47","49","","5","","","",""
"Amber Nexus Chronicle 326","","Manga","Reading","73","","","5","2","","","lorem"
"Binary Nexus Chronicle 327","","Manga","Reading","30","","","3","","","",""
"Crimson Nexus Chronicle 328","","Manga","Reading","30","V5","","1","1","","",""
"Distant Nexus Chronicle 329","","Manga","Reading","23","","","5","1","","",""
"Emerald Nexus Chronicle 330","","Manga","Reading","35","","","2","","","",""
"Frost Nexus Chronicle 331","","Manga","Reading","10","","","6","","","",""
"Golden Nexus Chronicle 332","","Manga","Reading","25","","","5","","","",""
"Hidden Nexus Chronicle 333","","Manga","Reading","10","","","6","1","","",""
"Ivory Nexus Chronicle 334","","Manga","Reading","25","","","2","","","",""
"Jade Nexus Chronicle 335","","Manga","Reading","105","","","3","1","","",""
"Kindred Nexus Chronicle 336","","Manga","Completed","53","","53","4","","","",""
"Lunar Nexus Chronicle 337","","Manga","Reading","60","67","","7","","","","lorem"
"Misty Nexus Chronicle 338","","Manga","Completed","43","","43","10","","","","lorem"
"Northern Nexus Chronicle 339","","Manga","Unknown","75","","","6","","","","lorem"
"Obsidian Nexus Chronicle 340","","Manga","Reading","32","","","1","1","","",""
"Prism Nexus Chronicle 341","","Manga","Reading","71","27.1","","9","","","",""
"Quiet Nexus Chronicle 342","","Manga","Reading","33","","","4","","","","lorem"
"Radiant Nexus Chronicle 343","","Manga","Reading","56","57","","4","","","","lorem"
"Silver Nexus Chronicle 344","","Manga","Reading","38","","","8","2","","","lorem"
"Twilight Nexus Chronicle 345","","Manga","Reading","33","","","10","","","",""
"Umber Nexus Chronicle 346","","Manga","Completed","273","","","2","","","",""
"Velvet Nexus Chronicle 347","","Manga","Reading","41","","","7","","","","lorem"
"Wild Nexus Chronicle 348","","Manga","Reading","16","18","","5","","","","lorem"
"Young Nexus Chronicle 349","","Manga","Reading","41","","","2","","","","lorem"
"Zephyr Nexus Chronicle 350","","Manga","Completed","169","","169","1","","","",""
"Amber Oracle Chronicle 351","","Manga","Reading","119","","","8","1","","",""
"Binary Oracle Chronicle 352","","Manga","Completed","95","","","2","","","",""
"Crimson Oracle Chronicle 353","","Manga","Completed","154","","154","6","","","","lorem"
"Distant Oracle Chronicle 354","","Manga","Reading","16","4.2","","7","","","","lorem"
"Emerald Oracle Chronicle 355","","Manga","Reading","10","","","4","","","","lorem"
"Frost Oracle Chronicle 356","","Manga","Reading","12","11","","4","","","",""
"Golden Oracle Chronicle 357","","Manga","Reading","50","52","","5","","","",""
"Hidden Oracle Chronicle 358","","Manga","Reading","244","","","8","1","","","lorem"
"Ivory Oracle Chronicle 359","","Manga","Completed","136","","136","8","","","","lorem"
"Jade Oracle Chronicle 360","","Manga","Reading","86","87","","3","1","","","lorem"
"Kindred Oracle Chronicle 361","","Manga","Reading","45","","","5","","","",""
"Lunar Oracle Chronicle 362","","Manga","Reading","37","","","1","2","","",""
"Misty Oracle Chronicle 363","","Manga","Reading","43","","","4","2","","",""
"Northern Oracle Chronicle 364","","Manga","Reading","59","","","4","1","","",""
"Obsidian Oracle Chronicle 365","","Manga","Reading","13","","","2","1","","","lorem"
"Prism Oracle Chronicle 366","","Manga","Reading","23","","","1","","","",""
"Quiet Oracle Chronicle 367","","Manga","Reading","54","","","3","1","","",""
"Radiant Oracle Chronicle 368","","Manga","Reading","62","","","2","2","","",""
"Silver Oracle Chronicle 369","","Manga","Reading","89","","","2","1","","",""
"Twilight Oracle Chronicle 370","","Manga","Reading","67","","","6","1","","",""
"Umber Oracle Chronicle 371","","Manga","Completed","40","","40","4","","","",""
"Velvet Oracle Chronicle 372","","Manga","Unknown","40","","","5","2","","","lorem"
"Wild Oracle Chronicle 373","","Manga","Reading","51","","","2","1","","",""
"Young Oracle Chronicle 374","","Manga","Reading","43","","","7","2","","",""
"Zephyr Oracle Chronicle 375","","Manga","Completed","43","","43","4","","","",""
"Amber Paradox Chronicle 376","","Manga","Reading","53","49","","6","","","",""
"Binary Paradox Chronicle 377","","Manga","Reading","65","","","8","2","","","lorem"
"Crimson Paradox Chronicle 378","","Manga","Reading","88","","","9","2","","","lorem"
"Distant Paradox Chronicle 379","","Manga","Reading","42","36","","3","","","",""
"Emerald Paradox Chronicle 380","","Manga","Reading","23","","","3","","","",""
"Frost Paradox Chronicle 381","","Manga","Completed","89","","89","8","","","","lorem"
"Golden Paradox Chronicle 382","","Manga","Reading","165","164","","8","","","","lorem"
"Hidden Paradox Chronicle 383","","Manga","Reading","73","69","","10","","","",""
"Ivory Paradox Chronicle 384","","Manga","Completed","103","","103","4","","","",""
"Jade Paradox Chronicle 385","","Manga","Reading","42","","","5","1","","",""
"Kindred Paradox Chronicle 386","","Manga","Completed","278","","278","4","","","",""
"Lunar Paradox Chronicle 387","","Manga","Completed","66","","66","9","","","",""
"Misty Paradox Chronicle 388","","Manga","Reading","56","45.5","","9","","","",""
"Northern Paradox Chronicle 389","","Manga","Reading","22","21","","8","","","","lorem"
"Obsidian Paradox Chronicle 390","","Manga","Reading","26","24","","10","","","","lorem"
"Prism Paradox Chronicle 391","","Manga","Reading","8","","","9","","","",""
"Quiet Paradox Chronicle 392","","Manga","Reading","10","","","10","","","",""
"Radiant Paradox Chronicle 393","","Manga","Completed","67","","67","3","","","",""
"Silver Paradox Chronicle 394","","Manga","Completed","141","","141","3","","","",""
"Twilight Paradox Chronicle 395","","Manga","Reading","22","26","","7","","","","lorem"
"Umber Paradox Chronicle 396","","Manga","Completed","45","","45","9","","","",""
"Velvet Paradox Chronicle 397","","Manga","Reading","44","","","1","1","","","lorem"
"Wild Paradox Chronicle 398","","Manga","Completed","55","","55","10","","","","lorem"
"Young Paradox Chronicle 399","","Manga","Reading","28","27","","7","1","","","lorem"
"Zephyr Paradox Chronicle 400","","Manga","Reading","52","","","9","1","","","lorem"
"Amber Quarter Chronicle 401","","Manga","Reading","33","","","10","1","","",""
"Binary Quarter Chronicle 402","","Manga","Reading","69","68","","6","1","","",""
"Crimson Quarter Chronicle 403","","Manga","Completed","90","","90","4","","","",""
"Distant Quarter Chronicle 404","","Manga","Completed","273","","273","6","","","",""
"Emerald Quarter Chronicle 405","","Manga","Completed","76","","76","8","","","",""
"Frost Quarter Chronicle 406","","Manga","Completed","71","","71","4","1","","","lorem"
"Golden Quarter Chronicle 407","","Manga","Reading","73","","","1","1","","",""
"Hidden Quarter Chronicle 408","","Manga","Reading","39","","","10","","","",""
"Ivory Quarter Chronicle 409","","Manga","Completed","117","vol.5 Epilogue","117","4","","","",""
"Jade Quarter Chronicle 410","","Manga","Reading","69","","","8","1","","",""
"Kindred Quarter Chronicle 411","","Manga","Reading","42","40.5","","6","","","","lorem"
"Lunar Quarter Chronicle 412","","Manga","Reading","20","21","","7","1","","",""
"Misty Quarter Chronicle 413","","Manga","Reading","48","","","6","","","","lorem"
"Northern Quarter Chronicle 414","","Manga","Reading","89","","","5","1","","","lorem"
"Obsidian Quarter Chronicle 415","","Manga","Reading","103","","","5","","","","lorem"
"Prism Quarter Chronicle 416","","Manga","Reading","23","22","","8","","","",""
"Quiet Quarter Chronicle 417","","Manga","Reading","70","","","1","1","","","lorem"
"Radiant Quarter Chronicle 418","","Manga","Reading","26","13.3","","10","1","","",""
"Silver Quarter Chronicle 419","","Manga","Reading","76","88","","9","","","","lorem"
"Twilight Quarter Chronicle 420","","Manga","Reading","73","77","","8","1","","","lorem"
"Umber Quarter Chronicle 421","","Manga","Reading","60","64","","3","2","","","lorem"
"Velvet Quarter Chronicle 422","","Manga","Completed","41","","41","5","","","",""
"Wild Quarter Chronicle 423","","Manga","Reading","82","72.5","","4","","","","lorem"
"Young Quarter Chronicle 424","","Manga","Reading","16","","","2","","","",""
"Zephyr Quarter Chronicle 425","","Manga","Completed","36","","36","7","","","","lorem"
"Amber Relay Chronicle 426","","Manga","Reading","30","","","4","","","","lorem"
"Binary Relay Chronicle 427","","Manga","Reading","61","","","2","","","","lorem"
"Crimson Relay Chronicle 428","","Manga","Reading","66","","","10","1","","","lorem"
"Distant Relay Chronicle 429","","Manga","Reading","27","","","10","","","","lorem"
"Emerald Relay Chronicle 430","","Manga","Reading","14","","","5","1","","","lorem"
"Frost Relay Chronicle 431","","Manga","Reading","52","","","6","","","","lorem"
"Golden Relay Chronicle 432","","Manga","Completed","118","","","8","","","","lorem"
"Hidden Relay Chronicle 433","","Manga","Reading","31","","","3","","","",""
"Ivory Relay Chronicle 434","","Manga","Reading","17","16.5","","4","","","",""
"Jade Relay Chronicle 435","","Manga","Reading","28","26","","4","","","","lorem"
"Kindred Relay Chronicle 436","","Manga","Reading","17","","","3","","","","lorem"
"Lunar Relay Chronicle 437","","Manga","Reading","31","30.5","","5","","","","lorem"
"Misty Relay Chronicle 438","","Manga","Reading","40","42","","4","","","","lorem"
"Northern Relay Chronicle 439","","Manga","Reading","39","17","","7","","","","lorem"
"Obsidian Relay Chronicle 440","","Manga","Reading","61","","","2","","","","lorem"
"Prism Relay Chronicle 441","","Manga","Completed","40","","40","4","","","",""
"Quiet Relay Chronicle 442","","Manga","Completed","75","","75","10","","","",""
"Radiant Relay Chronicle 443","","Manga","Reading","274","","","5","2","","","lorem"
"Silver Relay Chronicle 444","","Manga","Reading","30","28","","1","","","",""
"Twilight Relay Chronicle 445","","Manga","Completed","94","","94","4","","","",""
"Umber Relay Chronicle 446","","Manga","Reading","8","","","3","","","","lorem"
"Velvet Relay Chronicle 447","","Manga","Reading","40","32","","5","1","","","lorem"
"Wild Relay Chronicle 448","","Manga","Reading","25","13.3","","8","","","","lorem"
"Young Relay Chronicle 449","","Manga","Completed","10","","","8","","","","lorem"
"Zephyr Relay Chronicle 450","","Manga","Reading","28","26","","10","","","","lorem"
"Amber Signal Chronicle 451","","Manga","Reading","24","20","","9","","","","lorem"
"Binary Signal Chronicle 452","","Manga","Reading","10","","","1","1","","",""
"Crimson Signal Chronicle 453","","Manga","Reading","14","","","1","2","","",""
"Distant Signal Chronicle 454","","Manga","Reading","50","45","","9","","","","lorem"
"Emerald Signal Chronicle 455","","Manga","Reading","20","16","","7","2","","",""
"Frost Signal Chronicle 456","","Manga","Reading","5","","","5","","","","lorem"
"Golden Signal Chronicle 457","","Manga","Reading","17","16","","3","","","",""
"Hidden Signal Chronicle 458","","Manga","Reading","22","19","","2","","","",""
"Ivory Signal Chronicle 459","","Manga","Reading","10","","","10","","","",""
"Jade Signal Chronicle 460","","Manga","Reading","22","21","","4","1","","","lorem"
"Kindred Signal Chronicle 461","","Manga","Completed","22","","","2","","","","lorem"
"Lunar Signal Chronicle 462","","Manga","Reading","21","20","","1","","","","lorem"
"Misty Signal Chronicle 463","","Manga","Reading","12","","","10","","","","lorem"
"Northern Signal Chronicle 464","","Manga","Reading","15","14","","10","1","","","lorem"
"Obsidian Signal Chronicle 465","","Manga","Reading","30","29","","3","1","","","lorem"
"Prism Signal Chronicle 466","","Manga","Reading","13","12","","9","1","","","lorem"
"Quiet Signal Chronicle 467","","Manga","Reading","24","","","4","2","","","lorem"
"Radiant Signal Chronicle 468","","Manga","Reading","78","73","","2","","","","lorem"
"Silver Signal Chronicle 469","","Manga","Reading","7","4","","2","","","","lorem"
"Twilight Signal Chronicle 470","","Manga","Reading","112","111","","3","","","","lorem"
"Umber Signal Chronicle 471","","Manga","Reading","172","162","","4","","","","lorem"
"Velvet Signal Chronicle 472","","Manga","Reading","236","168","","7","2","","","lorem"
"Wild Signal Chronicle 473","","Manga","Reading","20","15.9","","4","","","",""
"Young Signal Chronicle 474","","Manga","Reading","176","168","","8","","","","lorem"
"Zephyr Signal Chronicle 475","","Manga","Reading","107","","","5","","","",""
"Amber Tower Chronicle 476","","Manga","Completed","264","","264","4","","","",""
"Binary Tower Chronicle 477","","Manga","Reading","54","45.5","","1","1","","","lorem"
"Crimson Tower Chronicle 478","","Manga","Reading","50","","","4","","","",""
"Distant Tower Chronicle 479","","Manga","Completed","75","","75","8","","","",""
"Emerald Tower Chronicle 480","","Manga","Reading","199","197","","4","1","","","lorem"
"Frost Tower Chronicle 481","","Manga","Reading","80","64.2","","10","","","","lorem"
"Golden Tower Chronicle 482","","Manga","Reading","83","80","","4","","","","lorem"
"Hidden Tower Chronicle 483","","Manga","Reading","49","46.5","","2","","","","lorem"
"Ivory Tower Chronicle 484","","Manga","Completed","15","","15","1","","","",""
"Jade Tower Chronicle 485","","Manga","Reading","22","20.2","","6","","","",""
"Kindred Tower Chronicle 486","","Manga","Reading","35","32","","5","1","","","lorem"
"Lunar Tower Chronicle 487","","Manga","Reading","43","32","","7","","","","lorem"
"Misty Tower Chronicle 488","","Manga","Reading","59","53","","4","","","","lorem"
"Northern Tower Chronicle 489","","Manga","Reading","33","24","","8","","","","lorem"
"Obsidian Tower Chronicle 490","","Manga","Reading","17","16","","9","","","",""
"Prism Tower Chronicle 491","","Manga","Reading","37","26","","10","1","","","lorem"
"Quiet Tower Chronicle 492","","Manga","Completed","77","","77","3","","","",""
"Radiant Tower Chronicle 493","","Manga","Reading","64","62","","5","","","","lorem"
"Silver Tower Chronicle 494","","Manga","Completed","75","","75","4","","","",""
"Twilight Tower Chronicle 495","","Manga","Reading","19","","","10","","","","lorem"
"Umber Tower Chronicle 496","","Manga","Completed","41","","41","3","","","",""
"Velvet Tower Chronicle 497","","Manga","Reading","48","47","","10","","","","lorem"
"Wild Tower Chronicle 498","","Manga","Reading","61","","","5","","","","lorem"
"Young Tower Chronicle 499","","Manga","Reading","80","79","","8","","","","lorem"
"Zephyr Tower Chronicle 500","","Manga","Reading","26","","","6","1","","","lorem"
"Amber Umbra Chronicle 501","","Manga","Reading","177","","","10","","","","lorem"
"Binary Umbra Chronicle 502","","Manga","Reading","59","54","","4","","","","lorem"
"Crimson Umbra Chronicle 503","","Manga","Reading","117","71.1","","7","","","","lorem"
"Distant Umbra Chronicle 504","","Manga","Completed","73","","73","5","","","","lorem"
"Emerald Umbra Chronicle 505","","Manga","Reading","78","","","6","1","","","lorem"
"Frost Umbra Chronicle 506","","Manga","Reading","60","","","2","","","",""
"Golden Umbra Chronicle 507","","Manga","Reading","55","","","8","","","","lorem"
"Hidden Umbra Chronicle 508","","Manga","Completed","117","","117","4","","","",""
"Ivory Umbra Chronicle 509","","Manga","Completed","52","","52","5","","","",""
"Jade Umbra Chronicle 510","","Manga","Completed","50","","50","4","","","",""
"Kindred Umbra Chronicle 511","","Manga","Completed","86","","86","5","","","",""
"Lunar Umbra Chronicle 512","","Manga","Completed","21","","21","9","","","",""
"Misty Umbra Chronicle 513","","Manga","Reading","321","","","4","1","","","lorem"
"Northern Umbra Chronicle 514","","Manga","Reading","60","","","7","1","","","lorem"
"Obsidian Umbra Chronicle 515","","Manga","Reading","8","","","4","","","",""
"Prism Umbra Chronicle 516","","Manga","Reading","7","6","","9","1","","","lorem"
"Quiet Umbra Chronicle 517","","Manga","Completed","44","","44","10","","","",""
"Radiant Umbra Chronicle 518","","Manga","Reading","197","194","","9","","","","lorem"
"Silver Umbra Chronicle 519","","Manga","Completed","68","","68","4","","","",""
"Twilight Umbra Chronicle 520","","Manga","Completed","74","","","8","","","",""
"Umber Umbra Chronicle 521","","Manga","Completed","118","","","3","","","",""
"Velvet Umbra Chronicle 522","","Manga","Reading","71","","","1","1","","",""
"Wild Umbra Chronicle 523","","Manga","Reading","47","43.5","","5","","","","lorem"
"Young Umbra Chronicle 524","","Manga","Reading","53","52","","4","","","",""
"Zephyr Umbra Chronicle 525","","Manga","Reading","47","","","3","","","",""
"Amber Vector Chronicle 526","","Manga","Reading","56","36","","1","1","","","lorem"
"Binary Vector Chronicle 527","","Manga","Completed","81","","81","3","","","",""
"Crimson Vector Chronicle 528","","Manga","Reading","39","","","1","1","","","lorem"
"Distant Vector Chronicle 529","","Manga","Reading","73","","","8","","","","lorem"
"Emerald Vector Chronicle 530","","Manga","Reading","47","43","","2","","","",""
"Frost Vector Chronicle 531","","Manga","Unknown","25","24","","4","","","","lorem"
"Golden Vector Chronicle 532","","Manga","Reading","78","77","","6","","","","lorem"
"Hidden Vector Chronicle 533","","Manga","Reading","62","59","","6","","","","lorem"
"Ivory Vector Chronicle 534","","Manga","Reading","54","53.2","","3","","","","lorem"
"Jade Vector Chronicle 535","","Manga","Reading","12","11.1","","5","","","",""
"Kindred Vector Chronicle 536","","Manga","Reading","6","","","7","","","",""
"Lunar Vector Chronicle 537","","Manga","Reading","34","","","8","","","",""
"Misty Vector Chronicle 538","","Manga","Reading","71","","","7","","","",""
"Northern Vector Chronicle 539","","Manga","Completed","30","","","5","","","",""
"Obsidian Vector Chronicle 540","","Manga","Reading","100","","","5","","","",""
"Prism Vector Chronicle 541","","Manga","Reading","57","","","8","","","",""
"Quiet Vector Chronicle 542","","Manga","Reading","42","36","","4","","","",""
"Radiant Vector Chronicle 543","","Manga","Reading","88","87","","9","","","","lorem"
"Silver Vector Chronicle 544","","Manga","Reading","36","","","5","","","",""
"Twilight Vector Chronicle 545","","Manga","Reading","67","30.1","","4","","","",""
"Umber Vector Chronicle 546","","Manga","Reading","91","79","","1","1","","",""
"Velvet Vector Chronicle 547","","Manga","Reading","244","","","9","","","",""
"Wild Vector Chronicle 548","","Manga","Reading","66","59","","9","","","",""
"Young Vector Chronicle 549","","Manga","Completed","44","","","10","","","",""
"Zephyr Vector Chronicle 550","","Manga","Reading","39","33","","2","","","",""
"Amber Workshop Chronicle 551","","Manga","Reading","40","","","4","","","",""
"Binary Workshop Chronicle 552","","Manga","Reading","11","","","1","","","",""
"Crimson Workshop Chronicle 553","","Manga","Reading","25","21","","2","","","",""
"Distant Workshop Chronicle 554","","Manga","Reading","25","23.5","","10","","","",""
"Emerald Workshop Chronicle 555","","Manga","Reading","43","39.5","","4","","","",""
"Frost Workshop Chronicle 556","","Manga","Reading","57","48","","9","","","",""
"Golden Workshop Chronicle 557","","Manga","Reading","74","","","9","","","",""
"Hidden Workshop Chronicle 558","","Manga","Reading","97","","","4","1","","",""
"Ivory Workshop Chronicle 559","","Manga","Completed","38","","","3","","","","lorem"
"Jade Workshop Chronicle 560","","Manga","Completed","33","","33","6","","","",""
"Kindred Workshop Chronicle 561","","Manga","Completed","72","","72","10","","","",""
"Lunar Workshop Chronicle 562","","Manga","Reading","137","","","8","","","",""
"Misty Workshop Chronicle 563","","Manga","Reading","25","","","6","","","",""
"Northern Workshop Chronicle 564","","Manga","Reading","32","","","4","","","",""
"Obsidian Workshop Chronicle 565","","Manga","Reading","35","","","10","","","",""
"Prism Workshop Chronicle 566","","Manga","Reading","29","","","10","","","",""
"Quiet Workshop Chronicle 567","","Manga","Reading","76","","","4","","","",""
"Radiant Workshop Chronicle 568","","Manga","Reading","157","","","2","","","","lorem"
"Silver Workshop Chronicle 569","","Manga","Reading","40","","","2","1","","",""
"Twilight Workshop Chronicle 570","","Manga","Reading","97","94","","8","","","",""
"Umber Workshop Chronicle 571","","Manga","Reading","125","","","2","","","",""
"Velvet Workshop Chronicle 572","","Manga","Reading","109","","","3","","","",""
"Wild Workshop Chronicle 573","","Manga","Reading","120","","","4","","","",""
"Young Workshop Chronicle 574","","Manga","Reading","73","69","","10","","","",""
"Zephyr Workshop Chronicle 575","","Manga","Reading","85","","","1","1","","",""
"Amber Yonder Chronicle 576","","Manga","Reading","50","","","9","","","",""
"Binary Yonder Chronicle 577","","Manga","Reading","19","","","2","","","",""
"Crimson Yonder Chronicle 578","","Manga","Reading","188","","","10","","","",""
"Distant Yonder Chronicle 579","","Manga","Reading","153","","","10","","","",""
"Emerald Yonder Chronicle 580","","Manga","Reading","85","","","2","1","","",""
"Frost Yonder Chronicle 581","","Manga","Reading","315","","","3","1","","",""
"Golden Yonder Chronicle 582","","Manga","Reading","93","","","4","","","",""
"Hidden Yonder Chronicle 583","","Manga","Reading","100","97","","1","","","",""
"Ivory Yonder Chronicle 584","","Manga","Completed","101","","101","7","","","",""
"Jade Yonder Chronicle 585","","Manga","Reading","73","","","8","1","","",""
"Kindred Yonder Chronicle 586","","Manga","Reading","249","246","","3","","","",""
"Lunar Yonder Chronicle 587","","Manga","Reading","78","","","4","","","",""
"Misty Yonder Chronicle 588","","Manga","Reading","120","","","6","","","",""
"Northern Yonder Chronicle 589","","Manga","Reading","84","","","10","","","",""
"Obsidian Yonder Chronicle 590","","Manga","Reading","192","","","6","","","",""
"Prism Yonder Chronicle 591","","Manga","Reading","88","","","8","3","","",""
"Quiet Yonder Chronicle 592","","Manga","Completed","209","","","4","2","","","lorem"
"Radiant Yonder Chronicle 593","","Manga","Reading","123","","","5","","","","lorem"
"Silver Yonder Chronicle 594","","Manga","Completed","81","","81","10","","","",""
"Twilight Yonder Chronicle 595","","Novel","Reading","110","","","5","","","",""
"Umber Yonder Chronicle 596","","Novel","Reading","80","","","1","","","",""
"Velvet Yonder Chronicle 597","","Novel","Reading","140","","","8","1","","",""
"Wild Yonder Chronicle 598","","Novel","Completed","133","","","6","","","",""
"Young Yonder Chronicle 599","","Novel","Reading","202","","","5","","","",""
"Zephyr Yonder Chronicle 600","","Novel","Completed","306","","","4","","","",""
"Amber Zenith Chronicle 601","","Novel","Reading","188","","","8","","","",""
"Binary Zenith Chronicle 602","","Novel","Reading","391","","","8","","","",""
"Crimson Zenith Chronicle 603","","Novel","Reading","490","","","7","","","",""
"Distant Zenith Chronicle 604","","Novel","Reading","480","","","2","","","",""
"Emerald Zenith Chronicle 605","","Novel","Completed","439","","","1","","","","lorem"
"Frost Zenith Chronicle 606","","Novel","Reading","94","","","2","1","","",""
"Golden Zenith Chronicle 607","","Novel","Reading","279","","","8","","","",""
"Hidden Zenith Chronicle 608","","Novel","Completed","456","","","2","1","","",""
"Ivory Zenith Chronicle 609","","Novel","Reading","51","","","10","","","",""
"Jade Zenith Chronicle 610","","Novel","Reading","254","","","5","","","",""
"Kindred Zenith Chronicle 611","","Novel","Reading","69","","","7","","","",""
"Lunar Zenith Chronicle 612","","Novel","Reading","123","","","10","","","",""
"Misty Zenith Chronicle 613","","Novel","Completed","568","","","4","","","",""
"Northern Zenith Chronicle 614","","Novel","Reading","413","","","1","","","",""
"Obsidian Zenith Chronicle 615","","Novel","Reading","261","","","4","","","",""
"Prism Zenith Chronicle 616","","Novel","Reading","1360","ch464p4","","7","","","",""
"Quiet Zenith Chronicle 617","","Novel","Reading","328","211","","7","","","",""
"Radiant Zenith Chronicle 618","","Novel","Reading","122","","","10","","","",""
"Silver Zenith Chronicle 619","","Novel","Reading","49","","","6","","Action","",""
"Twilight Zenith Chronicle 620","","Novel","Reading","284","","","7","","","",""
"Umber Zenith Chronicle 621","","Novel","Reading","123","","","6","","","",""
"Velvet Zenith Chronicle 622","","Novel","Reading","319","","","8","","","",""
"Wild Zenith Chronicle 623","","Novel","Reading","597","","","2","","","",""
"Young Zenith Chronicle 624","","Novel","Reading","109","","","6","","","",""
"Zephyr Zenith Chronicle 625","","Novel","Reading","144","","","1","","","",""
"Amber Archive Ledger 626","","Novel","Reading","68","","","8","","","",""
"Binary Archive Ledger 627","","Novel","Completed","1587","","","8","1","","",""
"Crimson Archive Ledger 628","","Novel","Reading","326","","","5","","","",""
"Distant Archive Ledger 629","","Novel","Reading","900","","","5","","","",""
"Emerald Archive Ledger 630","","Novel","Reading","114","","","1","","","",""
"Frost Archive Ledger 631","","Novel","Reading","703","","","2","","","",""
"Golden Archive Ledger 632","","Novel","Reading","1669","","","7","","","",""
"Hidden Archive Ledger 633","","Novel","Reading","774","","","6","","","",""
"Ivory Archive Ledger 634","","Novel","Reading","191","","","6","","","",""
"Jade Archive Ledger 635","","Novel","Completed","1432","","","4","1","","",""
"Kindred Archive Ledger 636","","Novel","Reading","217","","","5","","","",""
"Lunar Archive Ledger 637","","Novel","Reading","71","","","7","","","",""
"Misty Archive Ledger 638","","Novel","Reading","17","","","10","","","",""
"Northern Archive Ledger 639","","Novel","Reading","145","","","6","","","",""
"Obsidian Archive Ledger 640","","Novel","Reading","485","","","7","","","",""
"Prism Archive Ledger 641","","Novel","Reading","838","","","6","","","",""
"Quiet Archive Ledger 642","","Novel","Completed","282","","","2","","","",""
"Radiant Archive Ledger 643","","Novel","Reading","345","","","7","1","","",""
"Silver Archive Ledger 644","","Novel","Reading","137","","","5","","","",""
"Twilight Archive Ledger 645","","Novel","Reading","130","","","10","","","",""
"Umber Archive Ledger 646","","Novel","Reading","99","","","9","","","",""
"Velvet Archive Ledger 647","","Novel","Reading","81","","","10","","","",""
"Wild Archive Ledger 648","","Novel","Reading","63","","","5","","","",""
"Young Archive Ledger 649","","Novel","Reading","158","","","7","","","",""
"Zephyr Archive Ledger 650","","Novel","Reading","33","","","9","","","",""
"Amber Beacon Ledger 651","","Novel","Reading","299","","","4","","","",""
"Binary Beacon Ledger 652","","Novel","Reading","166","","","8","","","",""
"Crimson Beacon Ledger 653","","Novel","Reading","26","","","10","","","",""
"Distant Beacon Ledger 654","","Novel","Reading","232","","","9","","","",""
"Emerald Beacon Ledger 655","","Novel","Reading","56","","","8","","","",""
"Frost Beacon Ledger 656","","Novel","Reading","647","","","1","","","",""
"Golden Beacon Ledger 657","","Novel","Reading","90","","","6","","","",""
"Hidden Beacon Ledger 658","","Novel","Reading","758","","","2","","","",""
"Ivory Beacon Ledger 659","","Novel","Reading","156","","","2","","","",""
"Jade Beacon Ledger 660","","Novel","Completed","496","b2e9","496","4","","","","lorem"
"Kindred Beacon Ledger 661","","Novel","Reading","88","","","4","","","",""
"Lunar Beacon Ledger 662","","Novel","Reading","106","","","4","","","",""
"Misty Beacon Ledger 663","","Novel","Reading","75","","","7","","","","lorem"
"Northern Beacon Ledger 664","","Novel","Reading","93","","","10","","","",""
"Obsidian Beacon Ledger 665","","Novel","Reading","53","","","4","","","",""
"Prism Beacon Ledger 666","","Novel","Completed","225","","","1","1","","","lorem"
"Quiet Beacon Ledger 667","","Novel","Reading","193","","","5","","","",""
"Radiant Beacon Ledger 668","","Novel","Reading","256","128.1","","8","","","",""
"Silver Beacon Ledger 669","","Novel","Reading","264","132.2","","7","","","",""
"Twilight Beacon Ledger 670","","Novel","Reading","180","ch69p2","","9","","","",""
"Umber Beacon Ledger 671","","Novel","Reading","154","","","10","","","",""
"Velvet Beacon Ledger 672","","Novel","Reading","148","","","8","","","",""
"Wild Beacon Ledger 673","","Novel","Reading","61","","","5","","","",""
"Young Beacon Ledger 674","","Novel","Reading","174","","","9","","","",""
"Zephyr Beacon Ledger 675","","Novel","Reading","352","260","","2","","","",""
"Amber Circuit Ledger 676","","Novel","Reading","249","","","4","","","",""
"Binary Circuit Ledger 677","","Novel","Reading","110","","","1","","","",""
"Crimson Circuit Ledger 678","","Novel","Reading","267","","","7","","","",""
"Distant Circuit Ledger 679","","Novel","Reading","192","","","7","","","",""
"Emerald Circuit Ledger 680","","Novel","Reading","61","","","2","","","",""
"Frost Circuit Ledger 681","","Novel","Reading","126","","","8","","","",""
"Golden Circuit Ledger 682","","Novel","Reading","196","","","4","","","",""
"Hidden Circuit Ledger 683","","Novel","Reading","537","","","8","1","","",""
"Ivory Circuit Ledger 684","","Novel","Reading","544","","","7","","","",""
"Jade Circuit Ledger 685","","Novel","Reading","75","","","7","","","",""
"Kindred Circuit Ledger 686","","Novel","Reading","69","","","4","","","",""
"Lunar Circuit Ledger 687","","Novel","Reading","81","","","7","1","","",""
"Misty Circuit Ledger 688","","Novel","Reading","85","","","7","1","","",""
"Northern Circuit Ledger 689","","Novel","Reading","1264","","","9","1","","",""
"Obsidian Circuit Ledger 690","","Novel","Reading","228","","","4","","","",""
"Prism Circuit Ledger 691","","Novel","Reading","2126","","","10","","","",""
"Quiet Circuit Ledger 692","","Novel","Reading","1211","","","6","","","",""
"Radiant Circuit Ledger 693","","Novel","Reading","42","","","8","","","",""
"Silver Circuit Ledger 694","","Novel","Reading","333","","","3","","","","lorem"
"Twilight Circuit Ledger 695","","Novel","Reading","741","","","4","","","","lorem"
"Umber Circuit Ledger 696","","Novel","Reading","1008","","","3","","","",""
"Velvet Circuit Ledger 697","","Novel","Reading","392","","","6","","","",""
"Wild Circuit Ledger 698","","Novel","Reading","417","383","","8","","","",""
"Young Circuit Ledger 699","","Novel","Reading","473","","","2","","","",""
"Zephyr Circuit Ledger 700","","Novel","Reading","611","","","9","2","","",""
"Amber Delta Ledger 701","","Novel","Reading","324","","","5","","","",""
"Binary Delta Ledger 702","","Novel","Reading","288","","","3","","","",""
"Crimson Delta Ledger 703","","Novel","Reading","50","","","9","","","",""
"Distant Delta Ledger 704","","Novel","Reading","1774","","","8","","","",""
"Emerald Delta Ledger 705","","Novel","Reading","885","","","10","","","",""
"Frost Delta Ledger 706","","Novel","Reading","231","","","7","","","","lorem"
"Golden Delta Ledger 707","","Novel","Reading","175","","","4","","","",""
"Hidden Delta Ledger 708","","Novel","Completed","454","","454","1","","","",""
"Ivory Delta Ledger 709","","Novel","Reading","672","","","7","","","",""
"Jade Delta Ledger 710","","Novel","Reading","60","","","5","","","",""
"Kindred Delta Ledger 711","","Novel","Completed","1039","","","1","","","",""
"Lunar Delta Ledger 712","","Novel","Reading","178","v8c24","","9","","","",""
"Misty Delta Ledger 713","","Novel","Reading","78","v2c63","","5","","","",""
"Northern Delta Ledger 714","","Novel","Completed","564","","","10","","","",""
"Obsidian Delta Ledger 715","","Novel","Unknown","234","","","6","","","","lorem"
"Prism Delta Ledger 716","","Novel","Reading","268","","","1","","","",""
"Quiet Delta Ledger 717","","Novel","Reading","264","","","6","","","",""
"Radiant Delta Ledger 718","","Novel","Completed","684","","","1","1","","","lorem"
"Silver Delta Ledger 719","","Novel","Reading","184","","","3","","","",""
"Twilight Delta Ledger 720","","Novel","Reading","28","","","10","","","",""
"Umber Delta Ledger 721","","Novel","Reading","50","","","4","","","",""
"Velvet Delta Ledger 722","","Novel","Reading","62","","","8","","","",""
"Wild Delta Ledger 723","","Novel","Reading","139","","","10","","","",""
"Young Delta Ledger 724","","Novel","Reading","382","","","4","","","",""
"Zephyr Delta Ledger 725","","Novel","Reading","1528","","","10","","","",""
"Amber Echo Ledger 726","","Novel","Reading","96","","","4","","","",""
"Binary Echo Ledger 727","","Novel","Reading","342","","","10","","","",""
"Crimson Echo Ledger 728","","Novel","Reading","822","","","2","","","",""
"Distant Echo Ledger 729","","Novel","Reading","402","","","6","","","",""
"Emerald Echo Ledger 730","","Novel","Reading","144","","","9","","","",""
"Frost Echo Ledger 731","","Novel","Reading","66","","","9","","","",""
"Golden Echo Ledger 732","","Novel","Reading","118","","","3","","","",""
"Hidden Echo Ledger 733","","Novel","Reading","395","","","5","","","",""
"Ivory Echo Ledger 734","","Novel","Reading","70","V2c34","","8","","","",""
"Jade Echo Ledger 735","","Novel","Reading","129","","","8","","","",""
"Kindred Echo Ledger 736","","Novel","Reading","46","","","6","","","","lorem"
"Lunar Echo Ledger 737","","Novel","Reading","191","","","5","","","","lorem"
"Misty Echo Ledger 738","","Novel","Completed","500","","","1","","","",""
"Northern Echo Ledger 739","","Novel","Reading","199","","","8","","","",""
"Obsidian Echo Ledger 740","","Novel","Reading","54","","","10","","","",""
"Prism Echo Ledger 741","","Novel","Reading","16","","","10","","","",""
"Quiet Echo Ledger 742","","Novel","Reading","58","","","6","","","",""
"Radiant Echo Ledger 743","","Novel","Reading","75","v2c41","","10","","","",""
"Silver Echo Ledger 744","","Novel","Reading","19","","","4","1","","",""
"Twilight Echo Ledger 745","","Novel","Reading","80","v3c8","","3","","","",""
"Umber Echo Ledger 746","","Novel","Reading","172","","","1","","","",""
"Velvet Echo Ledger 747","","Novel","Reading","567","","","2","","","","lorem"
"Wild Echo Ledger 748","","Novel","Reading","513","","","8","","","",""
"Young Echo Ledger 749","","Novel","Reading","213","","","7","","","",""
"Zephyr Echo Ledger 750","","Novel","Reading","256","","","3","1","","",""
"Amber Fable Ledger 751","","Novel","Completed","859","","","8","","","",""
"Binary Fable Ledger 752","","Novel","Reading","448","","","5","2","","",""
"Crimson Fable Ledger 753","","Novel","Completed","505","","","5","","","",""
"Distant Fable Ledger 754","","Novel","Reading","291","","","2","","","",""
"Emerald Fable Ledger 755","","Novel","Completed","2015","","","6","","","",""
"Frost Fable Ledger 756","","Novel","Reading","938","","","8","1","","",""
"Golden Fable Ledger 757","","Novel","Reading","345","","","3","","","",""
"Hidden Fable Ledger 758","","Novel","Reading","97","","","6","","","","lorem"
"Ivory Fable Ledger 759","","Novel","Reading","614","","","8","","","",""
"Jade Fable Ledger 760","","Novel","Reading","1263","","","7","","","",""
"Kindred Fable Ledger 761","","Novel","Reading","3667","","","7","","","",""
"Lunar Fable Ledger 762","","Novel","Completed","742","","","3","","","",""
"Misty Fable Ledger 763","","Novel","Reading","1283","","","6","","","",""
"Northern Fable Ledger 764","","Novel","Reading","74","","","9","","","",""
"Obsidian Fable Ledger 765","","Novel","Completed","1700","","1700","6","","","",""
"Prism Fable Ledger 766","","Novel","Completed","1300","B9","1300","8","","","",""
"Quiet Fable Ledger 767","","Novel","Reading","1006","","","4","","","","lorem"
"Radiant Fable Ledger 768","","Novel","Reading","524","","","7","","","",""
"Silver Fable Ledger 769","","Novel","Reading","950","","","2","","","",""
"Twilight Fable Ledger 770","","Novel","Reading","472","","","1","","","",""
"Umber Fable Ledger 771","","Novel","Reading","511","","","6","","","",""
"Velvet Fable Ledger 772","","Novel","Reading","293","","","5","","","",""
"Wild Fable Ledger 773","","Novel","Reading","266","","","4","","","",""
"Young Fable Ledger 774","","Novel","Reading","1015","","","4","2","","",""
"Zephyr Fable Ledger 775","","Novel","Reading","101","","","1","1","","",""
"Amber Garden Ledger 776","","Novel","Reading","173","","","8","","","",""
"Binary Garden Ledger 777","","Novel","Completed","2014","","","8","","","",""
"Crimson Garden Ledger 778","","Novel","Reading","111","p2","","6","1","","",""
"Distant Garden Ledger 779","","Novel","Completed","593","","","1","","","","lorem"
"Emerald Garden Ledger 780","","Novel","Reading","193","","","10","","","",""
"Frost Garden Ledger 781","","Novel","Reading","70","","","2","","","",""
"Golden Garden Ledger 782","","Novel","Reading","730","","","2","","","",""
"Hidden Garden Ledger 783","","Novel","Reading","16","","","6","","","",""
"Ivory Garden Ledger 784","","Novel","Reading","215","","","4","","","",""
"Jade Garden Ledger 785","","Novel","Reading","137","","","2","","","",""
"Kindred Garden Ledger 786","","Novel","Reading","23","","","5","","","",""
"Lunar Garden Ledger 787","","Novel","Reading","1401","","","9","","","",""
"Misty Garden Ledger 788","","Novel","Completed","850","","","3","","","",""
"Northern Garden Ledger 789","","Novel","Reading","1213","","","3","","","",""
"Obsidian Garden Ledger 790","","Novel","Reading","209","","","1","","","",""
"Prism Garden Ledger 791","","Novel","Completed","261","vE4","","4","","","","lorem"
"Quiet Garden Ledger 792","","Novel","Reading","400","","","10","","","",""
"Radiant Garden Ledger 793","","Novel","Reading","400","v5c42","","3","","","",""
"Silver Garden Ledger 794","","Novel","Reading","927","","","2","","","",""
"Twilight Garden Ledger 795","","Novel","Reading","1043","","","3","","","",""
"Umber Garden Ledger 796","","Novel","Reading","345","","","8","","","",""
"Velvet Garden Ledger 797","","Novel","Reading","166","1.11.19","","1","","","","lorem"
"Wild Garden Ledger 798","","Novel","Reading","837","","","2","","","","lorem"
"Young Garden Ledger 799","","Novel","Completed","348","ex4","","9","","","",""
"Zephyr Garden Ledger 800","","Novel","Reading","110","","","6","","","","lorem"
"Amber Harbor Ledger 801","","Novel","Reading","48","","","7","","","",""
"Binary Harbor Ledger 802","","Novel","Reading","60","","","6","","","",""
"Crimson Harbor Ledger 803","","Novel","Reading","339","p1","","7","","","",""
"Distant Harbor Ledger 804","","Novel","Reading","819","","","7","","","","lorem"
"Emerald Harbor Ledger 805","","Novel","Reading","167","166","","7","","","",""
"Frost Harbor Ledger 806","","Novel","Reading","655","","","4","","","",""
"Golden Harbor Ledger 807","","Novel","Reading","742","","","2","","","",""
"Hidden Harbor Ledger 808","","Novel","Reading","1475","","","2","","","",""
"Ivory Harbor Ledger 809","","Novel","Reading","133","","","2","","","",""
